user_idx,item_idx
183,202
183,39
183,167
183,64
183,267
183,173
183,102
183,188
183,57
183,8
183,79
183,184
183,163
183,41
183,219
183,127
183,69
183,35
183,95
183,266
183,243
183,235
183,169
183,7
183,294
183,103
183,182
183,115
183,222
183,264
183,43
183,66
183,256
183,138
183,26
183,131
183,193
183,227
183,263
183,272
183,269
183,296
183,2
183,225
183,109
183,119
183,161
183,177
183,113
183,151
183,47
183,76
183,155
183,287
183,168
183,96
183,133
183,9
183,260
183,170
183,130
183,210
183,149
183,214
183,93
183,164
183,22
183,200
183,190
183,218
183,128
183,33
183,32
183,105
183,198
183,176
183,194
183,213
183,216
183,67
183,23
183,106
183,288
183,74
183,192
183,230
183,239
183,81
183,85
183,247
183,122
183,27
183,154
183,104
48,182
48,176
48,151
48,296
48,35
48,76
48,32
48,112
48,256
48,168
48,68
48,206
48,164
48,43
48,115
48,190
48,218
48,106
48,230
48,96
48,74
48,85
48,170
48,188
48,81
48,169
48,103
48,154
48,23
48,243
48,47
48,104
48,222
48,161
48,240
48,133
48,2
48,7
48,130
48,105
48,27
48,266
48,122
48,213
48,184
126,186
126,176
126,219
126,182
126,17
126,47
126,230
126,240
126,188
126,127
126,41
126,169
126,26
126,3
126,1
126,96
126,194
126,130
126,102
126,68
126,87
126,27
126,109
126,190
126,16
126,243
126,106
126,222
126,43
126,151
126,266
126,85
126,35
126,81
126,213
126,2
126,287
126,227
126,76
126,249
126,133
126,79
126,160
126,19
126,122
126,48
126,256
126,32
126,154
126,216
126,297
126,74
126,269
126,218
126,7
126,14
126,185
126,238
126,232
126,105
126,296
126,23
126,103
126,155
126,277
126,168
126,259
126,164
126,170
199,106
199,81
199,103
199,156
199,296
199,151
199,190
199,7
199,109
199,26
199,222
199,35
199,27
199,219
199,269
199,47
199,256
199,213
199,266
199,214
199,96
199,139
199,168
199,32
199,105
199,68
199,23
199,130
199,43
199,41
182,154
182,11
182,146
182,117
182,111
182,16
182,218
182,186
182,43
182,193
182,178
182,73
182,40
182,119
182,175
182,256
182,179
182,74
182,246
182,52
182,27
182,149
182,283
182,81
182,96
182,192
182,107
182,41
182,54
182,176
182,1
182,26
182,71
182,232
182,58
182,99
182,61
182,108
182,276
182,6
182,214
182,130
182,289
182,275
182,206
182,239
182,136
182,97
182,261
182,137
182,273
182,112
182,83
182,267
182,100
182,207
182,105
182,260
182,12
182,104
182,21
182,211
182,70
182,98
182,230
182,216
182,56
182,250
182,177
182,238
182,113
182,68
182,170
182,166
182,254
182,173
182,209
182,148
182,188
182,17
182,262
182,23
182,33
182,203
182,65
182,215
182,138
182,259
182,145
182,183
182,194
182,48
182,253
182,49
182,296
182,93
182,237
182,197
182,293
182,82
182,172
182,298
182,28
182,60
182,290
182,62
182,252
182,57
182,241
182,225
182,205
182,155
182,219
182,66
182,77
182,277
182,20
182,240
182,59
182,189
182,109
182,291
182,133
182,44
182,157
182,13
182,14
182,181
182,106
182,67
182,274
182,121
182,234
182,235
182,265
182,231
182,139
182,270
182,284
182,233
182,257
182,92
182,118
182,223
182,124
182,114
182,280
182,258
182,76
182,243
182,127
182,85
182,95
182,165
182,116
182,282
182,37
182,115
182,30
182,129
182,125
182,242
182,236
182,150
182,174
182,29
182,47
182,160
182,87
182,213
182,210
182,286
182,224
182,110
182,152
182,204
182,147
182,32
182,122
182,184
182,278
182,50
182,84
182,140
182,180
182,153
182,123
182,156
182,90
182,191
182,31
182,3
182,161
182,143
182,22
182,268
182,88
182,132
182,103
182,255
182,151
182,4
182,269
182,80
182,287
182,202
182,7
182,266
182,134
182,169
182,164
182,299
182,297
182,168
182,227
182,128
182,78
182,86
182,159
182,144
182,182
182,53
182,25
182,69
182,251
182,34
182,102
182,249
182,8
182,91
182,229
182,185
182,51
182,42
182,222
182,79
182,64
182,248
182,288
182,2
182,35
182,228
182,94
182,281
182,190
182,163
182,36
182,292
111,296
111,96
111,269
111,103
111,266
111,47
111,222
111,186
111,23
111,213
111,81
111,190
111,32
111,133
111,139
111,43
111,122
111,74
111,105
111,106
111,68
111,7
111,85
111,168
111,130
111,227
111,182
111,76
111,214
111,243
111,151
111,194
95,79
95,190
95,99
95,170
95,201
95,104
95,168
95,182
95,156
95,43
95,213
95,4
95,12
95,33
95,115
95,76
95,256
95,155
95,27
95,122
95,81
95,47
95,188
95,128
95,296
95,68
95,17
95,266
95,186
95,251
95,192
95,218
95,85
95,139
95,198
95,56
95,143
95,219
95,14
95,28
95,160
95,222
95,174
95,169
95,23
95,109
95,106
95,184
95,164
95,133
95,103
95,260
95,225
95,35
95,194
95,277
95,243
95,185
95,113
95,173
95,87
95,202
95,130
95,151
95,154
95,240
95,7
95,32
95,96
95,249
95,83
95,171
95,214
95,216
95,230
95,269
95,105
95,288
102,130
102,23
102,56
102,296
102,32
102,96
102,256
102,128
102,103
102,2
102,218
102,1
102,115
102,81
102,74
102,188
102,68
102,66
102,184
102,35
102,76
102,109
102,143
102,216
102,47
102,139
102,243
102,170
102,266
102,168
102,106
102,155
102,269
102,105
102,53
102,154
102,151
102,7
102,288
102,14
102,213
102,191
102,249
102,214
102,202
102,43
102,176
102,222
102,85
102,186
102,133
102,194
102,182
12,229
12,34
12,264
12,160
12,46
12,198
12,19
12,143
12,121
12,83
12,293
12,98
12,130
12,88
12,67
12,287
12,194
12,109
12,299
12,97
12,99
12,54
12,133
12,26
12,190
12,61
12,214
12,75
12,29
12,161
12,85
12,112
12,231
12,230
12,146
12,138
12,235
12,250
12,262
12,269
12,169
12,13
12,174
12,242
12,260
12,52
12,151
12,209
12,77
12,137
12,248
12,6
12,12
12,297
12,41
12,57
12,87
12,140
12,218
12,33
12,37
12,126
12,2
12,4
12,48
12,152
12,219
12,124
12,288
12,40
12,81
12,252
12,147
12,15
12,256
12,72
12,148
12,65
12,116
12,224
12,153
12,205
12,24
12,163
12,199
12,221
12,27
12,277
12,291
12,73
12,47
12,180
12,225
12,159
12,283
12,249
12,244
12,102
12,76
12,208
12,108
12,123
12,90
12,158
12,100
12,276
12,66
12,185
12,125
12,10
12,122
12,257
12,232
12,282
12,213
12,154
12,14
12,93
12,179
12,186
12,32
12,113
12,59
12,203
12,265
12,268
12,8
12,240
12,156
12,273
12,69
12,18
12,9
12,118
12,56
12,193
12,292
12,278
12,120
12,79
12,92
12,176
12,247
12,94
12,44
12,241
12,233
12,43
12,119
12,271
12,129
12,227
12,50
12,132
12,63
12,36
12,228
12,136
12,216
12,104
12,3
12,128
12,16
12,7
12,31
12,255
12,243
12,184
12,210
12,131
12,149
12,188
12,74
12,28
12,106
12,206
12,17
12,263
12,55
12,211
12,82
12,111
12,246
12,286
12,68
12,64
12,62
12,238
12,115
12,110
12,105
12,162
12,155
12,0
12,267
12,275
12,187
12,91
12,197
12,25
12,150
12,95
12,296
12,60
12,103
12,181
12,1
12,261
12,145
12,223
12,226
12,127
12,135
12,164
12,215
12,172
12,298
12,245
12,173
12,202
12,290
12,35
12,254
12,78
12,96
12,86
12,168
12,222
12,166
12,134
12,80
12,204
12,23
12,266
12,51
12,237
12,170
12,191
12,157
12,139
32,282
32,274
32,97
32,23
32,55
32,57
32,138
32,22
32,39
32,107
32,53
32,166
32,197
32,184
32,118
32,137
32,299
32,186
32,240
32,280
32,211
32,117
32,172
32,220
32,249
32,273
32,115
32,68
32,131
32,91
32,89
32,297
32,109
32,78
32,158
32,264
32,238
32,93
32,226
32,144
32,276
32,254
32,14
32,221
32,83
32,47
32,140
32,9
32,230
32,72
32,80
32,76
32,250
32,28
32,229
32,272
32,216
32,163
32,73
32,145
32,85
32,291
32,17
32,191
32,227
32,133
32,2
32,114
32,142
32,34
32,246
32,32
32,61
32,59
32,155
32,159
32,120
32,112
32,30
32,217
32,157
32,108
32,237
32,209
32,195
32,252
32,139
32,168
32,99
32,232
32,63
32,162
32,176
32,54
32,183
32,127
32,101
32,267
32,66
32,42
32,64
32,113
32,251
32,20
32,124
32,136
32,295
32,19
32,111
32,263
32,11
32,96
32,29
32,67
32,45
32,239
32,241
32,21
32,164
32,170
32,84
32,185
32,105
32,110
32,1
32,286
32,160
32,130
32,48
32,40
32,37
32,200
32,285
32,258
32,256
32,257
32,149
32,248
32,86
32,244
32,71
32,199
32,135
32,259
32,236
32,271
32,50
32,205
32,222
32,104
32,156
32,122
32,245
32,92
32,52
32,198
32,174
32,214
32,213
32,192
32,77
32,210
32,182
32,234
32,74
32,7
32,175
32,265
32,88
32,126
32,223
32,147
32,260
32,268
32,51
32,288
32,27
32,266
32,25
32,277
32,121
32,202
32,194
32,225
32,16
32,81
32,62
32,283
32,261
32,8
32,284
32,173
32,100
32,43
32,218
32,119
32,275
32,294
32,298
32,26
32,123
32,102
32,228
32,208
32,33
32,181
32,231
32,75
32,224
32,60
32,132
32,56
32,87
32,3
32,187
32,270
32,128
32,65
32,125
32,41
32,293
32,235
32,0
32,189
32,95
32,207
32,201
32,287
32,94
32,5
32,289
32,79
32,253
32,4
32,193
32,269
32,129
32,134
32,247
32,58
32,31
32,196
32,219
32,82
32,116
32,103
32,290
32,215
32,90
32,12
32,148
32,262
32,188
32,69
32,46
32,150
32,203
32,44
32,278
32,190
32,18
32,154
32,153
32,233
32,146
32,204
32,70
32,161
32,143
32,98
32,106
32,10
32,152
32,165
32,296
32,177
32,179
32,243
32,35
32,6
32,292
32,212
32,255
32,206
32,151
116,283
116,191
116,75
116,230
116,143
116,77
116,185
116,110
116,244
116,192
116,119
116,222
116,206
116,108
116,90
116,68
116,246
116,169
116,213
116,218
116,199
116,225
116,188
116,248
116,25
116,148
116,288
116,240
116,118
116,124
116,141
116,159
116,86
116,214
116,155
116,91
116,138
116,74
116,219
116,93
116,102
116,32
116,173
116,238
116,151
116,66
116,203
116,56
116,266
116,103
116,275
116,154
116,196
116,27
116,224
116,35
116,277
116,190
116,41
116,64
116,139
116,292
116,67
116,22
116,237
116,284
116,131
116,260
116,7
116,43
116,130
116,282
116,47
116,194
116,168
116,263
116,95
116,243
116,33
116,23
116,164
116,163
116,2
116,15
116,88
116,79
116,26
116,82
116,113
116,216
116,271
116,211
116,109
116,176
116,162
116,1
116,112
116,76
116,227
116,165
116,94
116,133
116,53
116,232
116,96
116,160
116,223
116,182
116,69
116,291
116,161
116,17
116,104
116,105
116,170
116,128
116,287
116,296
116,256
116,4
116,268
116,186
116,111
116,129
116,99
116,153
116,50
116,269
116,28
116,14
116,40
116,204
116,202
116,233
116,52
116,177
116,184
116,16
116,106
116,8
116,81
116,122
116,257
116,241
116,115
116,251
116,174
116,85
116,6
116,183
116,87
116,127
138,253
138,258
138,81
138,283
138,261
138,50
138,233
138,53
138,12
138,286
138,241
138,0
138,135
138,110
138,210
138,172
138,176
138,266
138,186
138,171
138,236
138,73
138,262
138,156
138,245
138,54
138,28
138,87
138,131
138,230
138,173
138,117
138,58
138,125
138,246
138,249
138,83
138,30
138,296
138,89
138,169
138,37
138,154
138,65
138,251
138,240
138,242
138,101
138,177
138,63
138,218
138,77
138,148
138,108
138,254
138,168
138,193
138,72
138,203
138,45
138,102
138,143
138,235
138,82
138,6
138,59
138,60
138,199
138,238
138,127
138,16
138,188
138,31
138,25
138,97
138,211
138,216
138,227
138,197
138,17
138,185
138,111
138,139
138,213
138,250
138,122
138,239
138,9
138,212
138,32
138,153
138,144
138,29
138,164
138,207
138,128
138,115
138,205
138,41
138,14
138,290
138,52
138,35
138,198
138,289
138,292
138,119
138,74
138,23
138,284
138,149
138,194
138,288
138,47
138,1
138,56
138,8
138,96
138,195
138,133
138,7
138,202
138,48
138,280
138,206
138,113
138,79
138,252
138,93
138,112
138,104
138,294
138,151
138,85
138,95
138,129
138,190
138,150
138,43
138,68
138,268
138,214
138,138
138,215
138,26
138,88
138,136
138,90
138,299
138,196
138,174
138,204
138,155
138,57
138,147
138,118
138,260
138,237
138,298
138,140
138,297
138,109
138,167
138,33
138,124
138,189
138,247
138,99
138,2
138,80
138,92
138,49
138,130
138,287
138,18
138,40
138,66
138,232
138,106
138,94
138,182
138,166
138,243
138,19
138,145
138,263
138,229
138,224
138,183
138,137
138,91
138,248
138,270
138,38
138,61
138,275
138,170
138,277
138,256
138,103
138,161
138,3
138,225
138,116
138,160
138,163
138,259
138,222
138,76
138,42
138,98
138,273
138,78
138,184
138,220
138,191
138,269
138,278
138,86
138,4
138,282
138,179
138,27
138,5
138,219
138,105
89,103
89,202
89,296
89,282
89,23
89,96
89,35
89,206
89,188
89,151
89,106
89,269
89,213
89,68
89,133
89,74
89,105
89,227
89,28
89,81
89,222
89,47
89,85
89,32
89,283
89,176
89,266
89,214
89,7
89,43
89,190
89,194
89,115
89,76
89,168
89,237
92,188
92,96
92,184
92,115
92,85
92,130
92,166
92,43
92,151
92,266
92,296
92,105
92,190
92,81
92,139
92,214
92,109
92,76
92,103
92,7
92,106
92,213
92,206
92,168
92,68
92,185
92,269
92,47
92,35
92,222
99,183
99,89
99,287
99,33
99,91
99,24
99,120
99,184
99,74
99,248
99,132
99,66
99,143
99,227
99,266
99,289
99,225
99,247
99,133
99,130
99,139
99,31
99,106
99,109
99,5
99,17
99,285
99,129
99,79
99,158
99,203
99,232
99,265
99,23
99,43
99,194
99,44
99,68
99,116
99,224
99,196
99,75
99,94
99,260
99,296
99,112
99,118
99,283
99,14
99,244
99,28
99,193
99,218
99,253
99,153
99,286
99,76
99,241
99,219
99,284
99,277
99,3
99,136
99,86
99,47
99,108
99,217
99,180
99,170
99,36
99,168
99,111
99,147
99,233
99,105
99,113
99,230
99,20
99,237
99,174
99,238
99,176
99,148
99,198
99,7
99,27
99,32
99,282
99,292
99,207
99,222
99,71
99,216
99,85
99,177
99,251
99,6
99,294
99,57
99,189
99,128
99,267
99,256
99,95
99,191
99,201
99,140
99,81
99,214
99,199
99,126
99,264
99,151
99,82
99,19
99,163
99,154
99,119
99,281
99,215
99,288
99,295
99,41
99,142
99,164
99,268
99,60
99,190
99,240
99,202
99,39
99,122
99,135
99,220
99,52
99,228
99,4
99,115
99,149
99,223
99,40
99,13
99,104
99,182
99,0
99,273
99,1
99,35
99,30
99,297
99,206
99,90
99,162
99,210
99,96
99,280
99,269
99,186
99,298
99,155
99,2
99,25
99,226
99,173
99,127
99,146
99,62
99,11
99,54
99,243
99,249
99,138
99,166
99,134
99,235
99,93
99,92
99,167
99,150
99,29
99,204
99,299
99,208
99,161
99,275
99,100
99,152
99,58
99,102
99,34
99,270
99,124
99,211
99,55
99,48
99,50
99,188
99,252
99,8
99,156
99,165
99,125
99,26
99,99
99,103
99,61
99,169
99,56
99,16
99,278
99,213
99,160
99,257
99,53
99,64
99,185
167,115
167,296
167,225
167,111
167,202
167,40
167,1
167,230
167,169
167,93
167,122
167,148
167,96
167,170
167,219
167,64
167,119
167,127
167,102
167,237
167,103
167,151
167,27
167,139
167,248
167,75
167,214
167,241
167,128
167,227
167,218
167,4
167,47
167,283
167,138
167,41
167,91
167,43
167,160
167,260
167,42
167,155
167,68
167,74
167,213
167,76
167,164
167,287
167,133
167,188
167,228
167,70
167,67
167,154
167,84
167,269
167,173
167,89
167,286
167,145
167,194
167,256
167,87
167,174
167,56
167,191
167,186
167,275
167,206
167,143
167,28
167,285
167,211
167,278
167,147
167,288
167,50
167,99
167,184
167,140
167,266
167,233
167,282
167,198
167,25
167,299
167,32
167,80
167,23
167,35
167,185
167,176
167,2
167,81
167,168
167,297
167,131
167,182
167,104
167,232
167,14
167,222
167,92
167,163
167,243
167,79
167,106
167,17
167,212
167,190
167,105
167,126
167,88
167,118
167,216
167,193
167,223
167,240
167,5
167,113
167,292
167,7
167,33
167,65
167,85
167,130
167,16
36,218
36,33
36,106
36,168
36,243
36,47
36,297
36,188
36,103
36,96
36,164
36,233
36,224
36,130
36,85
36,269
36,76
36,32
36,156
36,256
36,113
36,296
36,68
36,213
36,214
36,66
36,190
36,266
36,109
36,225
36,170
36,7
36,105
36,182
36,23
36,222
100,194
100,119
100,73
100,164
100,122
100,74
100,289
100,277
100,95
100,247
100,262
100,238
100,192
100,1
100,225
100,79
100,160
100,275
100,251
100,125
100,168
100,266
100,296
100,218
100,222
100,258
100,107
100,106
100,2
100,133
100,50
100,17
100,169
100,12
100,32
100,174
100,154
100,269
100,57
100,35
100,102
100,66
100,267
100,132
100,85
100,227
100,43
100,241
100,82
100,124
100,4
100,209
100,250
100,268
100,202
100,68
100,91
100,33
100,47
100,92
100,61
100,148
100,240
100,54
100,86
100,203
100,184
100,232
100,298
100,271
100,139
100,14
100,93
100,213
100,103
100,230
100,130
100,178
100,28
100,16
100,282
100,26
100,56
100,288
100,233
100,27
100,246
100,143
100,40
100,110
100,299
100,99
100,23
100,83
100,45
100,214
100,292
100,256
100,109
100,261
100,129
100,170
100,176
100,41
100,237
100,3
100,58
100,155
100,87
100,135
100,150
100,81
100,245
100,140
100,297
100,235
100,104
100,185
100,7
100,152
100,287
100,71
100,173
100,117
100,191
100,165
100,224
100,196
100,234
100,98
100,228
100,193
100,142
100,80
100,166
100,127
100,9
100,115
100,182
100,278
100,248
100,188
100,96
100,128
100,219
100,113
100,6
100,84
100,151
100,190
100,186
100,223
100,216
100,243
100,0
93,213
93,230
93,202
93,296
93,7
93,288
93,218
93,243
93,85
93,151
93,188
93,12
93,139
93,166
93,32
93,184
93,169
93,2
93,47
93,76
93,103
93,233
93,155
93,190
93,83
93,263
93,28
93,182
93,68
93,109
93,201
93,27
93,14
93,78
93,113
93,105
93,176
93,54
93,297
93,96
93,225
93,106
93,227
93,222
93,194
93,122
93,185
93,207
93,164
93,19
93,170
93,240
93,23
93,186
93,87
93,133
93,35
93,6
93,16
93,214
93,143
93,129
93,107
93,115
93,173
93,79
93,287
93,130
93,131
93,81
93,216
93,154
93,43
93,219
93,254
93,266
93,269
93,93
93,168
2,50
2,194
2,74
2,72
2,246
2,174
2,126
2,241
2,242
2,239
2,190
2,112
2,52
2,271
2,235
2,274
2,55
2,170
2,78
2,210
2,270
2,278
2,25
2,109
2,167
2,236
2,230
2,229
2,286
2,262
2,70
2,85
2,153
2,193
2,237
2,290
2,107
2,83
2,113
2,227
2,201
2,127
2,67
2,97
2,1
2,91
2,18
2,87
2,196
2,40
2,41
2,165
2,298
2,119
2,223
2,287
2,94
2,128
2,214
2,23
2,200
2,143
2,225
2,151
2,164
2,101
2,81
2,114
2,84
2,212
2,29
2,90
2,266
2,224
2,45
2,140
2,32
2,35
2,53
2,160
2,135
2,250
2,216
2,166
2,122
2,103
2,273
2,59
2,80
2,105
2,150
2,98
2,162
2,148
2,33
2,118
2,257
2,4
2,288
2,139
2,88
2,8
2,38
2,146
2,256
2,152
2,155
2,213
2,30
2,136
2,24
2,92
2,48
2,75
2,66
2,27
2,71
2,243
2,175
2,9
2,60
2,277
2,43
2,159
2,253
2,68
2,244
2,5
2,57
2,17
2,117
2,14
2,173
2,26
2,292
2,163
2,208
2,192
2,47
2,64
2,182
2,31
2,185
2,206
2,171
2,63
2,61
2,145
2,121
2,34
2,172
2,263
2,22
2,96
2,12
2,6
2,218
2,299
2,125
2,202
2,258
2,82
2,79
2,77
2,231
2,56
2,188
2,124
2,199
2,233
2,7
2,228
2,232
2,116
2,222
2,54
2,249
2,69
2,264
2,138
2,289
2,280
2,240
2,293
2,58
2,15
2,16
2,184
2,195
2,203
2,197
2,180
2,234
2,3
2,189
2,238
2,248
2,259
2,86
2,176
2,28
2,267
2,168
2,260
2,133
2,198
2,42
2,275
2,99
2,291
2,111
2,13
2,21
2,261
2,207
2,104
2,177
2,255
2,251
2,279
2,272
2,129
2,158
2,95
2,156
2,296
2,89
2,102
2,283
2,131
2,11
2,252
2,281
2,115
2,154
2,183
2,161
2,76
2,204
2,142
2,285
2,62
2,269
2,215
2,2
2,282
2,226
2,110
2,191
2,0
2,211
2,147
2,221
2,219
2,169
2,49
2,51
2,268
2,100
2,217
2,39
2,297
2,130
2,73
2,149
2,93
2,295
2,247
156,7
156,56
156,155
156,103
156,116
156,164
156,194
156,85
156,154
156,262
156,68
156,184
156,2
156,66
156,219
156,174
156,127
156,27
156,269
156,170
156,185
156,222
156,105
156,216
156,14
156,190
156,32
156,109
156,87
156,76
156,106
156,180
156,28
156,16
156,130
156,74
156,218
156,188
156,243
156,43
156,287
156,291
156,182
156,104
156,186
156,115
156,275
156,283
156,230
156,202
156,225
156,139
156,266
156,133
156,96
156,168
156,79
156,296
156,47
156,81
156,241
156,162
156,151
156,122
156,23
156,17
156,176
156,99
156,288
61,227
61,264
61,96
61,38
61,130
61,118
61,295
61,119
61,186
61,5
61,187
61,40
61,27
61,226
61,154
61,69
61,260
61,58
61,101
61,256
61,37
61,218
61,1
61,0
61,241
61,228
61,190
61,253
61,98
61,66
61,22
61,47
61,45
61,14
61,243
61,270
61,179
61,286
61,202
61,107
61,240
61,248
61,209
61,70
61,30
61,48
61,166
61,84
61,2
61,126
61,94
61,117
61,220
61,182
61,137
61,160
61,35
61,298
61,242
61,51
61,63
61,287
61,162
61,198
61,297
61,36
61,246
61,61
61,109
61,280
61,23
61,159
61,193
61,133
61,108
61,194
61,28
61,236
61,175
61,212
61,113
61,252
61,250
61,165
61,152
61,54
61,65
61,128
61,282
61,158
61,91
61,257
61,121
61,173
61,9
61,139
61,279
61,285
61,151
61,147
61,21
61,157
61,294
61,222
61,206
61,225
61,216
61,290
61,92
61,41
61,234
61,68
61,74
61,67
61,8
61,115
61,24
61,254
61,78
61,172
61,251
61,237
61,60
61,296
61,169
61,105
61,208
61,211
61,44
61,281
61,25
61,15
61,114
61,52
61,205
61,102
61,29
61,207
61,57
61,163
61,168
61,6
61,255
61,149
61,88
61,284
61,12
61,156
61,73
61,223
61,89
61,49
61,129
61,136
61,146
61,258
61,197
61,11
61,230
61,56
61,183
61,13
61,124
61,81
61,18
61,7
61,231
61,148
61,59
61,83
61,176
61,293
61,181
61,62
61,125
61,90
61,143
61,203
61,200
61,196
61,4
61,42
61,265
61,278
61,204
61,269
61,103
61,19
61,291
61,171
61,167
61,239
61,34
61,217
61,122
61,188
61,140
61,201
61,104
61,263
61,112
61,20
61,189
61,276
61,134
61,82
61,178
61,17
61,123
61,100
61,32
61,268
61,247
61,53
61,245
61,214
61,153
61,261
61,229
61,86
61,288
61,127
61,274
61,116
61,289
61,232
61,233
61,199
61,75
61,184
61,120
61,71
61,219
61,191
61,249
61,142
61,132
61,50
61,170
61,192
61,224
61,26
61,97
61,195
61,299
61,110
61,87
61,93
61,95
61,31
61,16
61,272
61,235
61,33
61,161
61,150
61,111
61,215
61,144
61,238
61,273
61,266
61,145
61,76
61,39
61,55
61,46
61,64
61,177
61,138
61,10
61,221
61,72
61,267
61,275
61,244
61,185
61,283
61,141
61,277
61,99
61,292
61,174
61,210
61,106
61,155
61,164
61,43
61,213
61,3
61,271
61,135
61,180
61,262
61,85
61,79
61,80
46,214
46,175
46,23
46,182
46,43
46,269
46,190
46,47
46,243
46,213
46,130
46,164
46,106
46,219
46,249
46,115
46,155
46,266
46,76
46,128
46,133
46,185
46,216
46,186
46,256
46,7
46,184
46,32
46,35
46,81
46,151
46,194
46,230
46,154
46,122
46,116
46,27
46,93
46,222
46,56
46,74
46,6
46,85
46,188
46,227
46,68
46,96
46,105
46,109
46,103
46,168
46,218
164,214
164,233
164,43
164,168
164,296
164,186
164,7
164,130
164,115
164,164
164,287
164,202
164,292
164,188
164,103
164,241
164,33
164,219
164,240
164,16
164,222
164,133
164,151
164,170
164,218
164,17
164,68
164,182
164,216
164,243
164,6
164,194
164,63
164,139
164,154
164,81
164,122
164,230
164,119
164,94
164,169
164,190
164,106
164,183
164,27
164,109
164,95
164,184
164,173
164,256
164,278
164,25
164,191
164,41
164,76
164,32
164,35
164,155
164,176
164,269
164,57
164,96
164,21
164,47
164,88
164,23
164,86
164,104
164,163
164,87
164,213
164,85
164,74
164,2
164,105
79,243
79,257
79,267
79,6
79,136
79,199
79,216
79,119
79,40
79,185
79,33
79,178
79,106
79,150
79,195
79,211
79,76
79,50
79,288
79,139
79,184
79,166
79,87
79,125
79,80
79,232
79,182
79,269
79,147
79,258
79,238
79,39
79,122
79,295
79,283
79,17
79,219
79,214
79,109
79,173
79,43
79,7
79,164
79,231
79,57
79,287
79,233
79,28
79,225
79,266
79,112
79,66
79,45
79,296
79,241
79,41
79,170
79,190
79,96
79,85
79,73
79,154
79,81
79,130
79,8
79,155
79,206
79,2
79,192
79,32
79,16
79,115
79,91
79,68
79,240
79,20
79,12
79,47
79,213
79,263
79,275
79,203
79,63
79,169
79,176
79,71
79,252
79,161
79,46
79,153
79,194
79,186
79,268
79,151
79,174
79,207
79,99
79,93
79,222
79,162
79,262
79,105
79,3
79,227
79,133
79,128
79,74
79,282
79,26
79,23
79,103
79,27
79,143
79,248
79,14
79,224
79,205
79,255
79,138
79,253
79,56
79,168
79,113
79,95
79,104
79,35
79,116
79,230
79,79
79,127
79,256
79,188
79,10
79,202
79,218
135,242
135,58
135,79
135,65
135,235
135,14
135,274
135,18
135,160
135,70
135,203
135,150
135,57
135,15
135,103
135,61
135,72
135,212
135,181
135,97
135,232
135,230
135,121
135,73
135,146
135,171
135,29
135,283
135,122
135,89
135,279
135,249
135,32
135,167
135,12
135,99
135,187
135,22
135,237
135,172
135,96
135,270
135,266
135,53
135,86
135,19
135,78
135,262
135,222
135,288
135,50
135,137
135,6
135,248
135,257
135,82
135,141
135,191
135,216
135,27
135,62
135,185
135,1
135,44
135,24
135,149
135,173
135,169
135,148
135,207
135,189
135,120
135,28
135,104
135,259
135,106
135,223
135,204
135,290
135,105
135,80
135,162
135,43
135,227
135,287
135,47
135,142
135,41
135,210
135,294
135,3
135,238
135,11
135,243
135,109
135,52
135,208
135,163
135,261
135,21
135,159
135,69
135,182
135,138
135,239
135,140
135,219
135,39
135,10
135,211
135,247
135,178
135,126
135,180
135,192
135,40
135,221
135,145
135,45
135,129
135,155
135,33
135,201
135,298
135,59
135,38
135,113
135,132
135,226
135,268
135,168
135,112
135,124
135,256
135,267
135,217
135,161
135,115
135,292
135,199
135,42
135,280
135,272
135,164
135,117
135,214
135,194
135,234
135,111
135,66
135,220
135,76
135,269
135,293
135,275
135,30
135,285
135,91
135,158
135,231
135,166
135,188
135,229
135,81
135,46
135,271
135,206
135,253
135,85
135,123
135,263
135,102
135,244
135,190
135,100
135,4
135,71
135,299
135,174
135,295
135,92
135,130
135,198
135,108
135,177
135,254
135,54
135,264
135,88
135,286
135,250
135,202
135,131
135,291
135,107
135,55
135,135
135,37
135,246
135,152
135,156
135,179
135,56
135,147
135,176
135,170
135,260
135,116
135,95
135,196
135,284
135,151
135,193
135,48
135,297
135,139
135,165
135,276
135,13
135,83
135,278
135,224
135,213
135,143
135,20
135,175
135,23
135,195
135,35
135,184
135,31
135,51
135,75
135,252
135,289
135,218
135,153
135,209
135,282
135,16
135,7
135,281
135,225
135,251
135,74
135,241
135,277
135,233
135,49
135,110
135,205
135,125
135,136
135,60
135,2
135,127
135,9
135,114
135,98
135,8
135,255
135,186
135,77
135,154
135,68
135,63
135,26
135,183
135,258
135,133
135,157
135,228
135,5
135,0
135,240
135,119
135,118
135,215
135,67
135,64
135,93
135,197
135,84
135,273
135,128
135,87
135,90
135,296
11,43
11,106
11,133
11,266
11,35
11,155
11,151
11,188
11,222
11,194
11,23
11,130
11,81
11,154
11,76
11,68
11,105
11,47
11,16
11,96
11,269
11,182
11,190
11,27
11,214
11,213
11,164
11,115
11,7
11,32
17,32
17,76
17,182
17,151
17,133
17,213
17,190
17,230
17,35
17,194
17,85
17,266
17,143
17,138
17,43
17,168
17,130
17,2
17,68
17,7
17,109
17,296
17,47
17,6
17,269
17,115
17,78
17,106
17,105
17,164
17,96
17,222
17,103
17,214
17,188
17,23
17,41
17,155
3,239
3,121
3,60
3,108
3,240
3,95
3,177
3,237
3,113
3,4
3,17
3,23
3,32
3,192
3,176
3,150
3,196
3,137
3,215
3,75
3,22
3,277
3,133
3,227
3,46
3,219
3,88
3,5
3,159
3,86
3,190
3,193
3,246
3,235
3,230
3,18
3,284
3,260
3,68
3,160
3,36
3,29
3,274
3,180
3,124
3,181
3,194
3,282
3,213
3,156
3,218
3,80
3,3
3,293
3,125
3,144
3,298
3,116
3,48
3,267
3,251
3,103
3,78
3,291
3,226
3,172
3,138
3,101
3,50
3,170
3,8
3,206
3,264
3,74
3,199
3,266
3,261
3,31
3,129
3,171
3,65
3,27
3,7
3,186
3,189
3,115
3,61
3,289
3,11
3,157
3,10
3,128
3,139
3,236
3,220
3,263
3,295
3,107
3,205
3,211
3,155
3,79
3,283
3,200
3,81
3,269
3,224
3,234
3,238
3,43
3,37
3,82
3,122
3,99
3,54
3,272
3,96
3,217
3,248
3,143
3,285
3,94
3,59
3,49
3,288
3,299
3,15
3,38
3,131
3,33
3,185
3,55
3,271
3,242
3,110
3,161
3,214
3,212
3,41
3,163
3,98
3,278
3,76
3,286
3,126
3,183
3,149
3,174
3,216
3,35
3,9
3,201
3,26
3,64
3,123
3,2
3,221
3,270
3,245
3,279
3,229
3,233
3,292
3,16
3,105
3,253
3,45
3,24
3,62
3,73
3,72
3,182
3,273
3,44
3,147
3,117
3,19
3,296
3,169
3,127
3,259
3,85
3,34
3,252
3,114
3,207
3,154
3,63
3,0
3,141
3,135
3,256
3,262
3,42
3,71
3,58
3,12
3,109
3,21
3,148
3,232
3,89
3,69
3,158
3,132
3,90
3,198
3,265
3,222
3,118
3,56
3,151
3,134
3,104
3,153
3,100
3,39
3,187
3,290
3,146
3,225
3,25
3,280
3,281
3,112
3,91
3,276
3,6
3,203
3,1
3,145
3,97
3,231
3,166
3,228
3,165
3,106
3,119
3,210
3,294
3,142
3,287
3,168
3,250
3,53
3,51
3,184
3,93
3,258
3,188
3,20
3,209
3,136
3,204
3,40
3,297
3,268
3,57
3,77
3,178
3,13
3,247
3,66
3,67
3,244
3,275
3,179
3,52
3,111
3,47
3,173
3,175
3,152
3,164
3,249
3,257
3,223
3,241
3,130
3,14
3,140
3,243
3,202
3,30
3,28
3,102
3,92
3,162
3,191
3,167
3,120
3,87
52,105
52,182
52,188
52,35
52,214
52,32
52,185
52,2
52,41
52,243
52,213
52,133
52,96
52,81
52,256
52,130
52,43
52,85
52,266
52,68
52,103
52,269
52,74
52,7
52,151
52,190
52,106
52,157
52,222
52,176
52,76
52,47
33,176
33,211
33,23
33,85
33,93
33,36
33,266
33,203
33,74
33,122
33,1
33,121
33,113
33,106
33,47
33,68
33,155
33,206
33,188
33,115
33,2
33,154
33,151
33,256
33,184
33,95
33,127
33,182
33,103
33,35
33,109
33,282
33,186
33,296
33,81
33,214
33,194
33,139
33,230
33,170
33,76
33,96
33,213
33,119
33,14
33,133
33,225
33,191
33,243
33,32
33,105
33,166
33,222
33,7
33,169
33,269
33,130
33,218
33,27
33,17
33,168
33,41
33,216
33,43
39,32
39,76
39,103
39,102
39,43
39,68
39,166
39,164
39,184
39,133
39,266
39,243
39,230
39,130
39,96
39,115
39,23
39,81
39,39
39,222
39,296
39,2
39,105
39,41
39,106
39,182
39,151
39,170
39,190
39,85
39,7
39,27
39,224
39,188
39,214
58,160
58,56
58,151
58,68
58,43
58,93
58,106
58,23
58,170
58,129
58,173
58,86
58,0
58,214
58,245
58,171
58,175
58,154
58,164
58,14
58,48
58,188
58,168
58,38
58,27
58,15
58,288
58,7
58,103
58,276
58,230
58,240
58,130
58,104
58,50
58,210
58,61
58,184
58,128
58,266
58,167
58,22
58,256
58,213
58,136
58,17
58,25
58,204
58,199
58,133
58,174
58,119
58,169
58,283
58,33
58,296
58,35
58,191
58,143
58,96
58,141
58,4
58,148
58,269
58,29
58,282
58,76
58,81
58,176
58,250
58,219
58,79
58,74
58,138
58,249
58,109
58,111
58,162
58,122
58,115
58,87
58,32
58,102
58,99
58,28
58,60
58,113
58,224
58,216
58,161
58,177
58,105
58,52
58,260
58,182
58,13
58,194
58,41
58,2
58,47
58,208
58,225
58,190
58,26
58,218
58,185
58,140
58,66
58,222
58,243
58,1
58,11
58,202
58,287
58,227
58,233
58,127
58,16
58,139
58,206
58,54
58,165
58,186
58,166
58,155
58,40
58,246
149,29
149,66
149,117
149,41
149,295
149,57
149,262
149,248
149,112
149,189
149,240
149,244
149,238
149,241
149,28
149,106
149,283
149,237
149,202
149,242
149,222
149,67
149,59
149,155
149,152
149,82
149,191
149,169
149,154
149,84
149,15
149,251
149,31
149,204
149,38
149,243
149,193
149,288
149,188
149,139
149,216
149,177
149,258
149,110
149,165
149,92
149,206
149,296
149,46
149,8
149,163
149,94
149,187
149,287
149,299
149,256
149,172
149,105
149,99
149,47
149,27
149,156
149,104
149,14
149,179
149,131
149,54
149,176
149,266
149,138
149,269
149,170
149,116
149,109
149,173
149,148
149,182
149,278
149,63
149,199
149,161
149,234
149,228
149,260
149,130
149,103
149,225
149,246
149,80
149,149
149,160
149,184
149,51
149,52
149,4
149,17
149,245
149,254
149,180
149,129
149,200
149,91
149,56
149,128
149,281
149,0
149,190
149,119
149,34
149,7
149,268
149,150
149,79
149,249
149,186
149,62
149,282
149,26
149,277
149,87
149,132
149,9
149,214
149,227
149,33
149,140
149,35
149,292
149,43
149,118
149,50
149,93
149,44
149,10
149,68
149,213
149,212
149,19
149,221
149,252
149,175
149,48
149,76
149,259
149,203
149,96
149,3
149,192
149,273
149,60
149,113
149,168
149,25
149,32
149,85
149,90
149,23
149,133
149,16
149,55
149,174
149,36
149,1
149,275
149,6
149,178
149,98
149,271
149,298
149,272
149,61
149,115
149,230
149,136
149,145
149,166
149,257
149,286
149,20
149,111
149,218
149,121
149,164
149,122
149,253
149,223
149,290
149,127
149,49
149,167
149,74
149,185
149,75
149,194
149,224
149,157
149,81
149,219
149,183
149,45
149,143
149,86
149,211
149,233
149,95
149,40
149,102
149,297
149,58
149,147
149,151
150,53
150,264
150,299
150,102
150,57
150,295
150,81
150,291
150,56
150,149
150,185
150,80
150,254
150,89
150,181
150,297
150,70
150,140
150,26
150,99
150,46
150,156
150,191
150,247
150,135
150,232
150,192
150,6
150,16
150,260
150,286
150,121
150,244
150,59
150,23
150,90
150,227
150,198
150,79
150,125
150,114
150,290
150,288
150,208
150,231
150,139
150,230
150,132
150,144
150,85
150,259
150,147
150,213
150,3
150,146
150,216
150,87
150,106
150,212
150,141
150,272
150,184
150,246
150,214
150,33
150,252
150,75
150,239
150,256
150,55
150,204
150,0
150,281
150,160
150,14
150,2
150,218
150,157
150,41
150,197
150,94
150,19
150,165
150,54
150,237
150,111
150,229
150,253
150,137
150,95
150,130
150,74
150,64
150,266
150,60
150,45
150,179
150,119
150,175
150,143
150,61
150,29
150,103
150,66
150,91
150,265
150,71
150,127
150,92
150,10
150,223
150,88
150,105
150,154
150,113
150,209
150,228
150,117
150,108
150,168
150,274
150,62
150,188
150,289
150,278
150,148
150,20
150,210
150,162
150,17
150,122
150,67
150,51
150,238
150,194
150,211
150,277
150,131
150,177
150,72
150,145
150,68
150,190
150,270
150,133
150,174
150,123
150,292
150,32
150,8
150,163
150,27
150,219
150,172
150,159
150,152
150,183
150,78
150,249
150,173
150,7
150,251
150,167
150,124
150,200
150,21
150,203
150,262
150,4
150,136
150,225
150,242
150,116
150,240
150,195
150,161
150,107
150,284
150,104
150,170
150,120
150,115
150,186
150,93
150,35
150,96
150,283
150,248
150,261
150,258
150,77
150,282
150,241
150,12
150,263
150,44
150,40
150,5
150,39
150,128
150,182
150,112
150,166
150,151
150,109
150,267
150,150
150,48
150,76
150,65
150,280
150,269
150,18
150,187
150,193
150,169
150,217
150,86
150,296
150,199
150,268
150,207
150,176
150,84
150,275
150,215
150,224
150,287
150,98
150,155
150,129
150,50
150,118
150,52
150,222
150,164
150,69
150,43
150,1
150,47
150,9
150,243
150,206
150,138
150,38
150,28
150,82
150,25
150,255
150,235
150,202
150,233
41,81
41,41
41,17
41,128
41,190
41,35
41,33
41,216
41,151
41,85
41,154
41,96
41,7
41,1
41,227
41,43
41,166
41,269
41,27
41,184
41,188
41,103
41,214
41,87
41,243
41,197
41,109
41,194
41,130
41,139
41,32
41,74
41,105
41,68
41,176
41,213
41,222
41,104
41,223
41,256
41,28
41,133
41,2
41,296
41,23
41,168
41,47
41,106
41,182
41,266
77,168
77,182
77,32
77,2
77,266
77,68
77,7
77,136
77,133
77,214
77,201
77,139
77,267
77,190
77,103
77,218
77,109
77,219
77,169
77,296
77,35
77,76
77,173
77,115
77,170
77,143
77,113
77,23
77,105
77,85
77,287
77,213
77,96
77,154
77,151
77,194
77,106
77,43
77,130
77,184
77,122
77,27
77,256
77,230
77,33
77,227
77,188
77,243
77,176
77,81
77,222
77,47
77,225
77,269
26,139
26,47
26,191
26,43
26,190
26,168
26,74
26,266
26,179
26,184
26,244
26,185
26,151
26,93
26,121
26,105
26,218
26,213
26,109
26,103
26,243
26,182
26,194
26,155
26,3
26,130
26,113
26,296
26,170
26,169
26,33
26,115
26,129
26,106
26,225
26,228
26,23
26,230
26,88
26,188
26,71
26,96
26,214
26,286
26,32
26,85
26,7
26,68
26,76
26,143
26,164
26,133
26,240
26,45
26,17
26,219
26,79
26,87
26,227
26,222
26,269
26,99
26,81
26,35
26,27
26,154
26,2
26,122
62,222
62,99
62,41
62,275
62,240
62,190
62,27
62,6
62,185
62,166
62,296
62,25
62,269
62,241
62,155
62,82
62,119
62,173
62,216
62,213
62,164
62,160
62,184
62,118
62,206
62,103
62,74
62,2
62,3
62,168
62,256
62,23
62,207
62,76
62,139
62,112
62,132
62,138
62,104
62,219
62,176
62,96
62,194
62,282
62,130
62,35
62,105
62,14
62,260
62,246
62,60
62,33
62,133
62,174
62,7
62,128
62,288
62,122
62,17
62,86
62,68
62,81
62,111
62,182
62,113
62,127
62,230
62,80
62,188
62,268
62,151
62,218
62,163
62,227
62,170
62,106
62,109
62,32
62,115
62,299
62,102
62,143
62,85
62,154
62,202
62,277
62,224
62,47
62,266
62,169
62,243
181,213
181,188
181,68
181,76
181,106
181,23
181,47
181,296
181,154
181,105
181,115
181,7
181,81
181,32
181,103
181,214
181,243
181,14
181,151
181,222
181,190
181,35
181,85
181,109
181,256
181,184
181,96
181,202
181,130
181,122
181,164
181,194
181,266
141,254
141,296
141,222
141,152
141,77
141,106
141,88
141,109
141,169
141,170
141,194
141,219
141,133
141,54
141,17
141,270
141,2
141,188
141,243
141,43
141,68
141,58
141,213
141,216
141,32
141,249
141,27
141,103
141,186
141,160
141,143
141,173
141,233
141,277
141,184
141,96
141,85
141,122
141,47
141,230
141,232
141,74
141,269
141,97
141,185
141,156
141,139
141,214
141,7
141,87
141,266
141,76
141,52
141,155
141,115
141,211
141,168
141,81
141,218
141,226
141,176
141,151
141,35
141,154
141,182
141,278
141,26
141,282
141,150
141,105
141,44
141,190
141,130
141,23
141,164
141,256
114,28
114,206
114,2
114,155
114,133
114,3
114,262
114,106
114,79
114,169
114,186
114,233
114,86
114,17
114,115
114,6
114,58
114,154
114,168
114,256
114,47
114,194
114,188
114,121
114,227
114,269
114,143
114,184
114,91
114,213
114,164
114,214
114,23
114,282
114,151
114,182
114,230
114,109
114,35
114,27
114,130
114,41
114,185
114,90
114,218
114,202
114,14
114,104
114,140
114,76
114,190
114,68
114,103
114,99
114,85
114,66
114,176
114,105
114,81
114,275
114,204
114,57
114,52
114,78
114,16
114,32
114,92
114,211
114,242
114,240
114,216
114,33
114,113
114,170
114,243
114,291
114,4
114,222
114,278
114,56
114,288
114,93
114,266
114,74
114,239
114,7
114,43
114,21
114,122
114,112
114,26
114,139
114,296
114,96
114,191
114,241
114,287
127,266
127,202
127,222
127,230
127,17
127,74
127,68
127,184
127,27
127,126
127,213
127,41
127,103
127,269
127,7
127,32
127,182
127,23
127,216
127,227
127,241
127,130
127,133
127,151
127,115
127,96
127,105
127,139
127,188
127,176
127,85
127,154
127,194
127,155
127,282
127,47
127,214
127,143
127,35
127,185
127,190
127,92
127,81
127,106
127,170
127,219
127,296
127,168
127,164
127,256
127,109
127,218
127,203
127,16
127,2
127,43
192,115
192,222
192,99
192,219
192,214
192,7
192,188
192,184
192,182
192,47
192,32
192,105
192,103
192,43
192,233
192,133
192,296
192,213
192,151
192,106
192,230
192,81
192,190
192,154
192,23
192,266
192,35
192,170
192,128
192,96
192,109
192,76
55,125
55,103
55,27
55,130
55,76
55,33
55,243
55,222
55,190
55,104
55,170
55,182
55,133
55,213
55,35
55,230
55,106
55,227
55,99
55,41
55,74
55,269
55,81
55,194
55,7
55,155
55,68
55,214
55,268
55,151
55,26
55,256
55,164
55,296
55,275
55,32
55,185
55,47
55,105
55,266
55,282
55,96
55,113
55,2
55,154
55,168
55,6
55,219
55,115
55,43
55,202
55,87
55,176
55,85
55,109
55,163
55,218
196,188
196,23
196,218
196,85
196,222
196,14
196,214
196,109
196,103
196,68
196,213
196,190
196,256
196,151
196,115
196,43
196,81
196,184
196,76
196,130
196,191
196,182
196,168
196,266
196,269
196,133
196,296
196,96
196,7
196,139
196,194
196,105
196,47
177,43
177,130
177,173
177,296
177,115
177,214
177,85
177,151
177,7
177,106
177,32
177,68
177,35
177,133
177,169
177,176
177,81
177,47
177,109
177,164
177,170
177,188
177,213
177,222
177,266
177,61
177,79
177,103
177,269
177,96
177,154
177,216
177,23
177,182
187,52
187,159
187,161
187,109
187,78
187,274
187,59
187,228
187,14
187,250
187,145
187,46
187,69
187,190
187,136
187,275
187,124
187,273
187,49
187,54
187,206
187,285
187,29
187,212
187,247
187,130
187,281
187,272
187,165
187,251
187,215
187,237
187,75
187,23
187,21
187,227
187,36
187,73
187,24
187,15
187,263
187,67
187,31
187,30
187,87
187,278
187,211
187,173
187,220
187,264
187,0
187,148
187,252
187,151
187,282
187,296
187,38
187,99
187,25
187,226
187,116
187,42
187,17
187,170
187,82
187,22
187,196
187,288
187,39
187,258
187,286
187,261
187,266
187,86
187,119
187,269
187,44
187,102
187,197
187,176
187,11
187,112
187,292
187,143
187,279
187,184
187,106
187,235
187,94
187,168
187,91
187,260
187,262
187,58
187,121
187,216
187,77
187,185
187,27
187,12
187,8
187,187
187,195
187,203
187,2
187,142
187,154
187,224
187,33
187,10
187,63
187,79
187,3
187,174
187,199
187,241
187,47
187,291
187,26
187,160
187,146
187,72
187,181
187,18
187,68
187,201
187,61
187,194
187,147
187,134
187,81
187,198
187,76
187,153
187,125
187,48
187,66
187,245
187,193
187,253
187,135
187,118
187,271
187,192
187,191
187,299
187,207
187,126
187,53
187,171
187,115
187,13
187,105
187,155
187,248
187,256
187,230
187,89
187,289
187,183
187,169
187,186
187,55
187,144
187,257
187,60
187,4
187,219
187,149
187,138
187,166
187,205
187,132
187,240
187,80
187,222
187,276
187,156
187,95
187,34
187,202
187,231
187,84
187,246
187,223
187,71
187,70
187,5
187,218
187,96
187,113
187,225
187,19
187,242
187,65
187,101
187,210
187,268
187,238
187,139
187,6
187,255
187,177
187,265
187,103
187,97
187,293
187,179
187,85
187,127
187,141
187,164
187,188
187,7
187,152
187,90
187,41
187,123
187,92
187,64
187,40
187,267
187,28
187,284
187,57
187,100
187,290
187,83
187,217
187,249
187,287
187,114
187,178
187,270
187,254
187,35
187,133
187,234
187,200
187,32
187,233
187,172
187,236
187,150
187,43
187,140
187,62
187,180
187,208
187,37
187,128
187,298
187,175
187,20
187,214
187,280
187,189
187,107
187,137
187,204
187,110
187,108
187,239
187,56
187,74
187,93
187,51
187,131
187,297
187,9
187,111
187,104
187,50
187,213
187,122
187,229
187,129
187,1
187,98
187,16
187,117
187,182
187,162
187,163
187,45
187,277
187,158
187,243
187,232
187,295
187,244
187,88
187,221
187,259
187,294
68,249
68,57
68,2
68,256
68,228
68,133
68,199
68,172
68,8
68,194
68,163
68,241
68,92
68,196
68,110
68,170
68,53
68,276
68,102
68,101
68,299
68,275
68,188
68,89
68,98
68,135
68,32
68,237
68,140
68,104
68,158
68,38
68,226
68,209
68,142
68,263
68,248
68,115
68,212
68,297
68,171
68,11
68,30
68,284
68,99
68,157
68,68
68,44
68,106
68,278
68,100
68,9
68,232
68,244
68,65
68,203
68,260
68,206
68,162
68,159
68,82
68,286
68,69
68,165
68,58
68,252
68,227
68,149
68,291
68,155
68,179
68,12
68,183
68,257
68,268
68,298
68,190
68,137
68,236
68,145
68,59
68,86
68,265
68,72
68,3
68,176
68,130
68,90
68,107
68,1
68,139
68,105
68,240
68,47
68,48
68,7
68,124
68,271
68,181
68,87
68,28
68,108
68,27
68,0
68,95
68,198
68,45
68,180
68,18
68,10
68,231
68,154
68,238
68,211
68,79
68,292
68,134
68,41
68,218
68,245
68,223
68,96
68,67
68,85
68,279
68,182
68,125
68,63
68,64
68,201
68,43
68,189
68,148
68,136
68,46
68,77
68,141
68,55
68,287
68,103
68,230
68,22
68,166
68,20
68,216
68,83
68,293
68,258
68,123
68,282
68,267
68,229
68,200
68,5
68,113
68,80
68,184
68,153
68,222
68,205
68,29
68,70
68,81
68,269
68,109
68,14
68,168
68,178
68,164
68,62
68,197
68,143
68,169
68,270
68,16
68,254
68,290
68,220
68,25
68,151
68,233
68,116
68,177
68,261
68,289
68,61
68,127
68,277
68,88
68,138
68,253
68,250
68,126
68,24
68,112
68,34
68,37
68,93
68,122
68,60
68,262
68,144
68,210
68,36
68,217
68,294
68,173
68,187
68,40
68,6
68,259
68,120
68,94
68,91
68,31
68,19
68,21
68,23
68,39
68,118
68,283
68,13
68,288
68,50
68,54
68,97
68,195
68,111
68,281
68,121
68,266
68,272
68,264
68,225
68,160
68,174
68,246
68,75
68,221
68,235
68,273
68,247
68,119
68,207
68,295
68,251
68,152
68,76
68,74
68,51
68,42
68,131
68,147
68,66
68,204
68,161
68,167
68,285
68,175
68,26
68,186
68,132
68,243
68,214
68,185
68,280
68,49
68,4
68,146
68,35
68,213
68,296
68,78
68,71
68,242
68,156
68,215
68,192
68,33
68,202
68,191
68,274
68,73
68,129
68,15
68,150
68,239
68,128
68,52
68,193
68,219
68,84
68,224
68,56
68,234
68,117
142,219
142,81
142,115
142,214
142,213
142,85
142,256
142,32
142,299
142,222
142,173
142,103
142,68
142,7
142,76
142,47
142,133
142,188
142,139
142,243
142,106
142,128
142,23
142,35
142,112
142,190
142,296
142,43
142,130
142,269
142,266
189,32
189,243
189,7
189,191
189,105
189,214
189,129
189,266
189,176
189,109
189,170
189,190
189,186
189,256
189,182
189,151
189,162
189,43
189,269
189,115
189,76
189,230
189,133
189,119
189,106
189,6
189,14
189,130
189,194
189,206
189,60
189,155
189,81
189,225
189,173
189,23
189,68
189,47
189,154
189,222
189,168
189,103
189,219
189,184
189,1
189,74
189,27
189,282
189,99
189,118
189,139
189,2
189,213
189,202
189,164
189,85
189,188
189,96
189,185
189,296
189,233
108,164
108,81
108,47
108,151
108,213
108,32
108,96
108,194
108,133
108,43
108,218
108,214
108,296
108,76
108,56
108,7
108,139
108,243
108,35
108,182
108,219
108,68
108,23
108,106
108,190
108,130
108,103
108,27
108,222
108,188
108,105
108,266
109,104
109,33
109,74
109,182
109,35
109,168
109,85
109,296
109,269
109,164
109,218
109,113
109,96
109,256
109,76
109,190
109,17
109,136
109,213
109,133
109,109
109,99
109,106
109,32
109,222
109,184
109,81
109,154
109,243
109,130
109,115
109,170
109,129
109,233
109,105
109,101
109,47
109,23
109,103
109,230
109,7
109,151
109,27
109,43
109,266
109,68
109,202
109,214
109,275
109,188
180,102
180,190
180,269
180,185
180,214
180,170
180,106
180,230
180,27
180,57
180,43
180,35
180,155
180,169
180,99
180,113
180,168
180,16
180,79
180,32
180,96
180,219
180,56
180,130
180,188
180,76
180,126
180,105
180,139
180,296
180,103
180,128
180,47
180,154
180,213
180,256
180,109
180,133
180,266
180,17
180,184
180,7
180,74
180,194
180,115
180,243
180,151
180,68
180,222
180,136
180,85
180,23
180,140
180,81
180,122
180,26
180,282
180,227
180,182
94,182
94,76
94,26
94,86
94,188
94,140
94,288
94,277
94,33
94,23
94,204
94,202
94,251
94,130
94,66
94,192
94,176
94,287
94,249
94,106
94,28
94,160
94,148
94,74
94,2
94,246
94,141
94,27
94,115
94,11
94,145
94,16
94,88
94,169
94,147
94,29
94,292
94,139
94,186
94,93
94,284
94,203
94,109
94,87
94,206
94,41
94,168
94,40
94,262
94,173
94,116
94,283
94,238
94,124
94,103
94,35
94,184
94,128
94,85
94,209
94,279
94,143
94,175
94,57
94,136
94,266
94,99
94,214
94,102
94,298
94,92
94,32
94,201
94,122
94,104
94,44
94,164
94,241
94,240
94,177
94,281
94,112
94,95
94,172
94,119
94,222
94,225
94,151
94,221
94,94
94,105
94,166
94,185
94,170
94,213
94,228
94,96
94,56
94,90
94,244
94,6
94,61
94,4
94,227
94,17
94,220
94,187
94,138
94,199
94,81
94,77
94,219
94,36
94,68
94,282
94,232
94,218
94,268
94,216
94,243
94,194
94,275
94,144
94,18
94,1
94,235
94,3
94,54
94,269
94,154
94,75
94,265
94,230
94,155
94,174
94,12
94,98
94,296
94,193
94,210
94,14
94,133
94,153
94,237
94,91
94,113
94,62
94,295
94,233
94,7
94,125
94,47
94,79
94,163
94,43
94,67
94,89
94,223
94,297
94,190
94,156
117,109
117,269
117,43
117,81
117,238
117,105
117,194
117,32
117,233
117,76
117,106
117,155
117,213
117,154
117,222
117,96
117,188
117,7
117,151
117,130
117,35
117,23
117,266
117,190
117,103
117,164
117,68
117,214
128,214
128,256
128,23
128,106
128,151
128,96
128,266
128,68
128,32
128,105
128,222
128,14
128,188
128,133
128,130
128,269
128,115
128,262
128,26
128,202
128,109
128,27
128,85
128,218
128,164
128,213
128,155
128,103
128,240
128,81
128,76
128,190
128,296
128,154
128,35
128,194
128,47
128,7
34,190
34,266
34,194
34,130
34,188
34,154
34,218
34,76
34,41
34,139
34,43
34,269
34,23
34,7
34,103
34,68
34,222
34,85
34,133
34,115
34,243
34,27
34,54
34,182
34,47
34,151
34,32
34,106
34,170
34,145
34,214
34,168
34,104
34,213
34,96
34,296
118,256
118,133
118,109
118,7
118,224
118,93
118,214
118,193
118,170
118,105
118,243
118,27
118,68
118,96
118,186
118,194
118,106
118,182
118,103
118,222
118,176
118,81
118,219
118,190
118,216
118,76
118,47
118,296
118,213
118,168
118,43
118,4
118,164
118,130
118,184
118,85
118,266
118,155
118,35
118,26
118,113
118,32
118,248
118,218
118,122
118,269
118,115
118,154
118,151
118,116
130,160
130,122
130,81
130,256
130,184
130,76
130,96
130,213
130,61
130,93
130,106
130,188
130,23
130,225
130,169
130,229
130,243
130,182
130,27
130,249
130,35
130,68
130,113
130,32
130,296
130,164
130,2
130,74
130,99
130,14
130,190
130,214
130,210
130,185
130,87
130,211
130,130
130,223
130,154
130,222
130,109
130,104
130,115
130,206
130,56
130,66
130,269
130,85
130,16
130,103
130,266
130,252
130,230
130,277
130,176
130,133
130,40
130,186
130,79
130,227
130,105
130,7
130,218
130,168
130,45
130,47
130,4
130,43
130,194
130,151
9,262
9,151
9,104
9,109
9,76
9,10
9,243
9,287
9,139
9,81
9,184
9,122
9,283
9,176
9,68
9,188
9,170
9,214
9,222
9,296
9,47
9,168
9,103
9,219
9,182
9,119
9,190
9,96
9,213
9,85
9,154
9,227
9,230
9,4
9,202
9,32
9,7
9,266
9,35
9,27
9,185
9,218
9,194
9,269
9,105
9,238
9,106
9,43
9,164
9,2
9,256
9,130
9,23
50,222
50,154
50,100
50,139
50,27
50,241
50,216
50,296
50,74
50,185
50,130
50,188
50,213
50,12
50,297
50,3
50,96
50,218
50,115
50,41
50,99
50,168
50,32
50,85
50,23
50,47
50,243
50,278
50,119
50,170
50,173
50,128
50,113
50,169
50,133
50,105
50,46
50,176
50,16
50,256
50,269
50,122
50,38
50,76
50,190
50,79
50,182
50,164
50,17
50,191
50,7
50,2
50,237
50,230
50,151
50,104
50,233
50,68
50,81
50,61
50,266
50,208
50,219
50,184
50,106
50,35
50,227
50,103
50,194
50,43
50,109
175,260
175,168
175,56
175,47
175,176
175,68
175,115
175,1
175,7
175,130
175,87
175,35
175,106
175,128
175,287
175,186
175,81
175,96
175,164
175,109
175,252
175,227
175,222
175,122
175,76
175,213
175,105
175,266
175,269
175,66
175,214
175,131
175,104
175,268
175,277
175,45
175,243
175,27
175,14
175,170
175,211
175,2
175,174
175,282
175,218
175,202
175,23
175,85
175,256
175,139
175,41
175,93
175,103
175,155
175,120
175,119
175,230
175,154
175,190
175,16
175,241
175,32
175,219
175,143
175,169
175,188
175,296
175,113
175,184
175,182
175,57
175,61
175,43
175,194
175,151
175,133
175,4
13,296
13,103
13,105
13,155
13,81
13,269
13,17
13,176
13,222
13,47
13,85
13,76
13,7
13,35
13,170
13,266
13,214
13,190
13,154
13,204
13,23
13,188
13,122
13,161
13,168
13,186
13,164
13,32
13,169
13,151
13,130
13,68
13,256
13,106
13,14
37,115
37,256
37,43
37,154
37,169
37,218
37,103
37,105
37,23
37,268
37,266
37,68
37,85
37,190
37,176
37,47
37,213
37,32
37,222
37,96
37,219
37,296
37,81
37,130
37,214
37,76
37,7
37,151
37,74
37,109
16,249
16,156
16,296
16,129
16,225
16,119
16,133
16,24
16,164
16,216
16,111
16,115
16,162
16,227
16,230
16,99
16,169
16,213
16,185
16,288
16,256
16,79
16,176
16,202
16,96
16,74
16,297
16,161
16,139
16,109
16,16
16,8
16,87
16,107
16,204
16,282
16,266
16,278
16,122
16,243
16,186
16,32
16,233
16,7
16,151
16,237
16,269
16,154
16,150
16,69
16,168
16,128
16,113
16,240
16,166
16,148
16,18
16,41
16,27
16,248
16,241
16,77
16,214
16,220
16,143
16,95
16,106
16,270
16,104
16,14
16,10
16,56
16,68
16,184
16,35
16,191
16,3
16,105
16,6
16,170
16,58
16,40
16,289
16,222
16,103
16,1
16,287
16,142
16,80
16,66
16,76
16,188
16,292
16,81
16,23
16,114
16,17
16,26
16,224
16,33
16,173
16,275
16,268
16,43
16,279
16,219
16,48
16,93
16,198
16,211
16,155
16,130
16,44
16,194
16,239
16,47
16,88
16,218
16,182
16,57
16,85
16,127
16,28
16,261
16,140
16,2
16,280
16,200
16,206
16,174
16,276
59,190
59,106
59,176
59,182
59,202
59,32
59,105
59,23
59,184
59,269
59,266
59,7
59,130
59,109
59,43
59,151
59,76
59,68
59,227
59,16
59,85
59,14
59,115
59,133
59,81
59,47
59,188
59,103
59,96
59,27
59,222
59,214
59,213
184,228
184,222
184,85
184,35
184,104
184,41
184,186
184,214
184,133
184,184
184,120
184,105
184,109
184,282
184,122
184,296
184,185
184,202
184,8
184,277
184,22
184,190
184,151
184,27
184,115
184,287
184,182
184,103
184,152
184,119
184,31
184,76
184,278
184,213
184,7
184,191
184,173
184,140
184,174
184,256
184,233
184,176
184,218
184,194
184,168
184,291
184,47
184,216
184,266
184,95
184,68
184,96
184,74
184,17
184,1
184,16
184,170
184,139
184,113
184,207
184,219
184,106
184,227
184,2
184,93
184,155
184,79
184,33
184,81
184,26
184,164
184,90
184,230
184,154
184,243
184,43
184,128
184,288
184,66
184,130
184,56
184,169
184,269
184,262
184,23
40,182
40,155
40,50
40,160
40,81
40,76
40,222
40,23
40,188
40,43
40,17
40,32
40,256
40,68
40,154
40,47
40,185
40,105
40,277
40,103
40,96
40,109
40,85
40,296
40,151
40,266
40,7
40,216
40,130
40,194
40,168
40,60
40,190
40,214
40,269
40,115
40,106
40,213
40,16
191,103
191,269
191,76
191,218
191,29
191,79
191,8
191,81
191,43
191,233
191,74
191,232
191,147
191,27
191,109
191,170
191,225
191,48
191,292
191,182
191,32
191,105
191,155
191,197
191,174
191,96
191,151
191,139
191,33
191,185
191,154
191,35
191,122
191,249
191,230
191,106
191,296
191,202
191,87
191,243
191,184
191,214
191,68
191,20
191,191
191,204
191,7
191,216
191,130
191,115
191,164
191,23
191,47
191,213
191,253
191,113
191,168
191,99
191,104
191,211
191,14
191,163
191,186
191,266
191,128
191,143
191,190
191,222
191,194
191,188
191,56
191,133
124,186
124,256
124,269
124,218
124,188
124,76
124,151
124,43
124,222
124,23
124,58
124,96
124,115
124,119
124,297
124,103
124,35
124,109
124,185
124,234
124,170
124,184
124,153
124,27
124,2
124,106
124,56
124,139
124,81
124,287
124,130
124,243
124,213
124,146
124,155
124,182
124,214
124,66
124,41
124,168
124,125
124,85
124,68
124,190
124,133
124,47
124,203
124,266
124,194
124,176
124,74
124,32
124,105
124,296
124,154
124,61
124,164
124,237
124,7
124,54
124,26
157,173
157,233
157,253
157,216
157,151
157,174
157,56
157,3
157,121
157,290
157,220
157,240
157,176
157,68
157,99
157,213
157,169
157,90
157,158
157,138
157,227
157,41
157,262
157,191
157,54
157,163
157,219
157,33
157,87
157,104
157,125
157,61
157,222
157,1
157,145
157,81
157,223
157,277
157,190
157,82
157,238
157,139
157,287
157,140
157,224
157,265
157,298
157,252
157,25
157,154
157,278
157,226
157,225
157,133
157,153
157,128
157,27
157,79
157,248
157,206
157,249
157,160
157,170
157,43
157,237
157,58
157,48
157,16
157,283
157,9
157,93
157,14
157,155
157,293
157,85
157,269
157,50
157,74
157,202
157,208
157,251
157,296
157,203
157,115
157,168
157,288
157,103
157,185
157,109
157,47
157,78
157,164
157,171
157,2
157,210
157,40
157,6
157,130
157,218
157,17
157,286
157,7
157,260
157,266
157,198
157,143
157,26
157,28
157,96
157,76
157,175
157,65
157,35
157,51
157,72
157,256
157,182
157,113
157,106
157,275
157,38
157,297
157,177
157,119
157,32
157,214
157,186
157,241
157,188
157,234
157,194
157,156
157,105
157,127
157,166
157,131
157,53
157,23
157,246
157,184
157,112
157,124
157,122
157,83
157,91
157,243
157,211
157,66
157,67
157,77
157,69
157,230
157,183
157,258
104,119
104,213
104,96
104,28
104,68
104,256
104,230
104,170
104,266
104,161
104,133
104,222
104,169
104,106
104,2
104,112
104,218
104,93
104,58
104,241
104,216
104,173
104,233
104,7
104,35
104,191
104,275
104,105
104,288
104,140
104,16
104,283
104,224
104,176
104,211
104,292
104,184
104,143
104,122
104,81
104,6
104,33
104,185
104,87
104,91
104,262
104,27
104,129
104,104
104,202
104,269
104,243
104,186
104,154
104,240
104,155
104,160
104,268
104,295
104,168
104,76
104,26
104,115
104,14
104,47
104,296
104,40
104,17
104,79
104,162
104,41
104,164
104,188
104,103
104,142
104,246
104,23
104,74
104,128
104,69
104,113
104,194
104,190
104,182
104,214
104,219
104,225
104,109
104,78
104,44
104,131
104,278
104,85
104,151
104,32
104,139
104,66
104,227
72,122
72,115
72,26
72,211
72,78
72,194
72,299
72,146
72,47
72,254
72,3
72,232
72,79
72,230
72,41
72,136
72,6
72,214
72,213
72,121
72,266
72,185
72,56
72,91
72,35
72,37
72,243
72,202
72,99
72,173
72,81
72,222
72,23
72,14
72,33
72,298
72,128
72,268
72,69
72,103
72,151
72,113
72,252
72,283
72,138
72,216
72,288
72,191
72,168
72,182
72,256
72,127
72,186
72,176
72,76
72,1
72,290
72,82
72,233
72,111
72,96
72,241
72,131
72,163
72,297
72,199
72,219
72,143
72,30
72,265
72,218
72,161
72,32
72,292
72,269
72,279
72,160
72,119
72,106
72,170
72,140
72,53
72,130
72,27
72,129
72,249
72,93
72,2
72,17
72,296
72,152
72,105
72,166
72,7
72,184
72,57
72,28
72,80
72,220
72,85
72,104
72,58
72,282
72,133
72,240
72,109
72,277
72,155
72,66
72,125
72,169
72,262
72,204
72,154
72,190
72,261
72,102
72,139
72,4
72,63
72,225
72,43
72,68
72,74
72,16
72,227
72,95
72,275
72,164
72,188
72,206
85,154
85,68
85,16
85,204
85,188
85,227
85,296
85,17
85,113
85,122
85,81
85,155
85,184
85,111
85,101
85,243
85,93
85,138
85,2
85,32
85,23
85,213
85,76
85,233
85,130
85,25
85,14
85,282
85,33
85,262
85,218
85,174
85,194
85,26
85,106
85,230
85,133
85,214
85,41
85,216
85,176
85,190
85,66
85,115
85,266
85,170
85,192
85,237
85,182
85,164
85,139
85,35
85,100
85,104
85,99
85,186
85,168
85,7
85,222
85,8
85,269
85,105
85,169
85,151
85,103
85,185
85,202
85,96
85,47
85,85
85,27
85,79
85,219
85,109
14,29
14,85
14,173
14,188
14,184
14,213
14,17
14,182
14,216
14,155
14,76
14,240
14,74
14,269
14,219
14,176
14,168
14,288
14,109
14,194
14,190
14,230
14,238
14,99
14,186
14,14
14,296
14,23
14,68
14,256
14,96
14,113
14,104
14,47
14,115
14,32
14,222
14,103
14,185
14,133
14,164
14,128
14,243
14,7
14,105
14,35
14,177
14,43
14,287
14,130
14,139
14,214
14,151
14,266
14,170
14,81
23,213
23,28
23,72
23,93
23,176
23,266
23,23
23,27
23,151
23,218
23,14
23,143
23,256
23,81
23,155
23,269
23,79
23,227
23,140
23,199
23,169
23,222
23,68
23,43
23,106
23,105
23,17
23,76
23,85
23,2
23,7
23,182
23,188
23,230
23,154
23,87
23,97
23,214
23,186
23,96
23,225
23,173
23,219
23,119
23,287
23,184
23,128
23,6
23,243
23,50
23,202
23,168
23,190
23,296
23,194
23,174
23,170
23,262
23,32
23,133
23,139
23,103
23,130
23,166
23,47
23,26
23,115
23,109
23,122
23,216
154,256
154,188
154,170
154,47
154,182
154,139
154,190
154,17
154,33
154,96
154,296
154,194
154,145
154,147
154,103
154,195
154,85
154,243
154,214
154,23
154,81
154,130
154,154
154,2
154,265
154,213
154,27
154,64
154,282
154,219
154,266
154,155
154,184
154,222
154,122
154,115
154,127
154,40
154,43
154,174
154,278
154,106
154,269
154,176
154,35
154,7
154,76
154,185
154,164
154,109
154,168
154,105
154,68
154,32
154,218
69,166
69,275
69,277
69,280
69,209
69,222
69,43
69,211
69,297
69,79
69,153
69,187
69,1
69,133
69,129
69,185
69,109
69,247
69,103
69,64
69,92
69,7
69,41
69,52
69,282
69,44
69,159
69,257
69,221
69,60
69,69
69,15
69,132
69,194
69,296
69,112
69,151
69,122
69,268
69,258
69,96
69,138
69,179
69,170
69,241
69,269
69,42
69,9
69,202
69,193
69,284
69,238
69,218
69,50
69,48
69,88
69,163
69,295
69,54
69,86
69,141
69,33
69,140
69,176
69,243
69,197
69,246
69,256
69,134
69,90
69,130
69,183
69,3
69,165
69,28
69,76
69,229
69,91
69,82
69,155
69,95
69,169
69,143
69,278
69,118
69,232
69,292
69,235
69,174
69,226
69,191
69,204
69,136
69,287
69,184
69,214
69,27
69,161
69,233
69,93
69,74
69,283
69,105
69,125
69,239
69,116
69,227
69,168
69,190
69,131
69,213
69,117
69,102
69,175
69,72
69,216
69,147
69,182
69,68
69,111
69,219
69,22
69,85
69,154
69,286
69,240
69,272
69,298
69,20
69,87
69,225
69,106
69,119
69,173
69,172
69,2
69,115
69,26
69,104
69,124
69,212
69,29
69,35
69,230
69,77
69,251
69,47
69,113
69,32
69,0
69,99
69,61
69,21
69,157
69,188
69,260
69,78
69,164
69,40
69,223
69,19
69,56
69,81
69,139
69,228
69,25
69,8
69,137
69,206
69,23
69,66
69,10
69,4
69,288
69,16
69,160
69,248
69,14
69,210
69,186
69,262
69,237
69,224
69,37
69,266
69,121
69,127
69,128
69,31
69,181
69,17
69,6
69,255
69,234
69,57
25,296
25,85
25,214
25,154
25,23
25,109
25,185
25,243
25,160
25,169
25,43
25,266
25,168
25,79
25,213
25,275
25,194
25,182
25,16
25,184
25,96
25,68
25,74
25,133
25,76
25,81
25,103
25,188
25,190
25,222
25,269
25,32
25,47
25,35
25,176
25,130
25,105
25,17
25,106
25,7
67,182
67,53
67,43
67,166
67,186
67,267
67,243
67,203
67,155
67,216
67,164
67,202
67,112
67,122
67,35
67,130
67,99
67,210
67,282
67,16
67,116
67,188
67,103
67,227
67,133
67,33
67,269
67,219
67,68
67,236
67,287
67,96
67,119
67,225
67,41
67,106
67,213
67,131
67,57
67,76
67,47
67,154
67,218
67,6
67,185
67,176
67,277
67,27
67,139
67,81
67,151
67,74
67,285
67,214
67,2
67,222
67,256
67,128
67,170
67,230
67,115
67,241
67,7
67,26
67,266
67,23
67,32
67,275
67,173
67,109
67,184
67,105
67,190
67,168
67,194
67,294
67,141
67,296
90,216
90,211
90,170
90,282
90,190
90,84
90,136
90,191
90,144
90,110
90,98
90,269
90,28
90,90
90,280
90,42
90,204
90,156
90,91
90,180
90,95
90,15
90,219
90,248
90,188
90,233
90,8
90,130
90,26
90,103
90,253
90,80
90,278
90,157
90,217
90,277
90,249
90,100
90,260
90,222
90,262
90,14
90,145
90,194
90,66
90,174
90,161
90,2
90,118
90,23
90,35
90,186
90,167
90,89
90,81
90,139
90,232
90,151
90,175
90,106
90,173
90,176
90,45
90,105
90,266
90,172
90,41
90,251
90,215
90,238
90,143
90,256
90,127
90,241
90,141
90,297
90,181
90,7
90,113
90,133
90,43
90,25
90,83
90,40
90,53
90,240
90,288
90,283
90,33
90,160
90,237
90,27
90,164
90,58
90,76
90,202
90,17
90,122
90,99
90,96
90,230
90,74
90,54
90,298
90,213
90,129
90,85
90,261
90,109
90,39
90,214
90,150
90,138
90,166
90,162
90,228
90,229
90,60
90,128
90,78
90,116
90,292
90,182
90,119
90,50
90,192
90,274
90,243
90,296
90,1
90,59
90,154
90,108
90,92
90,115
90,21
90,149
90,16
90,79
90,104
90,147
90,32
90,47
90,168
90,223
90,218
90,51
90,225
90,169
90,87
90,124
90,93
90,71
90,9
90,4
90,155
90,184
90,48
90,61
90,163
90,73
90,123
90,259
90,125
90,57
90,6
90,56
90,52
90,206
90,210
90,287
90,268
90,275
90,64
90,140
90,68
90,227
90,271
90,126
90,152
171,81
171,68
171,190
171,23
171,7
171,213
171,103
171,32
171,54
171,105
171,33
171,96
171,104
171,203
171,67
171,216
171,85
171,168
171,222
171,79
171,188
171,164
171,76
171,43
171,151
171,154
171,214
171,130
171,243
171,266
171,47
171,133
171,176
171,296
64,76
64,213
64,35
64,190
64,214
64,23
64,103
64,222
64,266
64,151
64,47
64,68
64,106
64,133
64,269
64,115
64,130
64,139
64,16
64,7
64,227
64,191
64,154
64,296
64,43
64,32
64,96
64,109
64,188
84,182
84,184
84,170
84,85
84,155
84,190
84,267
84,283
84,213
84,194
84,296
84,68
84,164
84,7
84,74
84,23
84,47
84,278
84,109
84,89
84,266
84,113
84,222
84,105
84,218
84,168
84,27
84,202
84,227
84,256
84,188
84,17
84,219
84,176
84,154
84,130
84,103
84,173
84,214
84,43
84,106
84,81
84,243
84,115
84,76
84,151
84,32
84,96
45,7
45,240
45,164
45,115
45,35
45,85
45,81
45,133
45,96
45,222
45,32
45,106
45,188
45,256
45,243
45,266
45,103
45,151
45,130
45,43
45,47
45,214
45,269
45,23
45,296
45,76
45,68
45,230
45,213
73,139
73,115
73,188
73,47
73,68
73,227
73,56
73,155
73,23
73,296
73,222
73,269
73,41
73,17
73,164
73,136
73,190
73,76
73,103
73,85
73,81
73,7
73,105
73,182
73,266
73,32
73,143
73,151
73,133
73,214
73,184
73,106
73,256
73,130
73,96
73,216
73,43
174,68
174,256
174,214
174,240
174,266
174,213
174,151
174,230
174,130
174,194
174,47
174,74
174,35
174,243
174,105
174,173
174,188
174,269
174,14
174,85
174,32
174,76
174,190
174,81
174,7
174,133
174,282
174,164
174,57
174,115
174,222
174,106
174,296
174,29
174,23
174,182
174,96
174,168
174,43
163,47
163,213
163,23
163,296
163,43
163,182
163,188
163,214
163,68
163,106
163,168
163,14
163,32
163,266
163,87
163,115
163,230
163,76
163,7
163,33
163,27
163,96
163,164
163,154
163,105
163,194
163,103
163,190
163,119
163,269
163,222
163,151
21,96
21,155
21,243
21,115
21,7
21,139
21,263
21,213
21,246
21,47
21,296
21,32
21,224
21,35
21,130
21,188
21,81
21,85
21,256
21,2
21,219
21,106
21,189
21,168
21,269
21,76
21,43
21,190
21,68
21,222
21,133
21,23
21,151
21,46
21,17
21,253
21,214
21,266
21,109
21,93
21,154
21,164
21,105
42,48
42,233
42,212
42,228
42,230
42,256
42,275
42,218
42,43
42,113
42,99
42,155
42,187
42,3
42,54
42,83
42,225
42,163
42,93
42,39
42,283
42,182
42,111
42,222
42,73
42,115
42,210
42,183
42,211
42,189
42,76
42,128
42,88
42,28
42,269
42,33
42,296
42,299
42,16
42,168
42,173
42,60
42,64
42,74
42,151
42,0
42,160
42,148
42,138
42,96
42,143
42,67
42,277
42,164
42,147
42,254
42,278
42,47
42,124
42,122
42,2
42,49
42,12
42,98
42,184
42,224
42,156
42,86
42,175
42,38
42,200
42,66
42,214
42,26
42,227
42,194
42,41
42,240
42,180
42,34
42,68
42,241
42,17
42,161
42,117
42,112
42,154
42,243
42,219
42,268
42,165
42,81
42,120
42,35
42,133
42,13
42,103
42,267
42,118
42,14
42,101
42,102
42,192
42,206
42,286
42,176
42,110
42,85
42,246
42,237
42,266
42,106
42,298
42,191
42,216
42,40
42,79
42,170
42,139
42,27
42,282
42,24
42,188
42,190
42,174
42,1
42,220
42,238
42,6
42,130
42,140
42,127
42,105
42,109
42,23
42,185
42,82
42,249
42,265
42,20
42,32
42,202
42,7
42,287
42,186
42,56
42,271
42,9
42,104
42,179
42,204
42,126
42,288
42,11
42,169
42,232
42,62
42,31
148,269
148,81
148,213
148,68
148,176
148,151
148,240
148,47
148,222
148,190
148,296
148,106
148,191
148,87
148,76
148,103
148,182
148,43
148,277
148,140
148,266
148,256
148,96
148,241
148,7
148,85
148,194
148,164
148,105
148,188
148,214
148,230
148,32
148,41
148,243
148,154
148,130
123,169
123,224
123,184
123,104
123,43
123,41
123,154
123,214
123,240
123,213
123,23
123,99
123,47
123,85
123,60
123,296
123,190
123,266
123,194
123,1
123,2
123,133
123,66
123,269
123,115
123,168
123,138
123,243
123,113
123,109
123,166
123,35
123,173
123,80
123,164
123,174
123,68
123,74
123,106
123,81
123,216
123,76
123,188
123,256
123,155
123,56
123,33
123,7
123,235
123,32
123,218
123,105
123,261
123,288
123,191
123,77
123,219
123,27
123,222
123,103
123,16
123,185
123,139
123,118
123,170
123,275
123,130
123,96
123,182
107,191
107,106
107,202
107,28
107,112
107,76
107,243
107,122
107,222
107,104
107,218
107,282
107,182
107,190
107,105
107,32
107,23
107,188
107,68
107,240
107,227
107,208
107,214
107,219
107,16
107,265
107,35
107,154
107,43
107,101
107,230
107,103
107,21
107,269
107,139
107,2
107,84
107,296
107,115
107,81
107,151
107,184
107,266
107,92
107,130
107,297
107,66
107,168
107,75
107,161
107,33
107,26
107,155
107,233
107,109
107,278
107,275
107,225
107,4
107,268
107,284
107,41
107,226
107,173
107,47
107,113
107,27
107,85
107,256
107,186
107,170
107,96
107,213
107,17
107,194
107,185
107,176
107,3
107,79
107,164
107,7
107,241
107,216
121,7
121,151
121,76
121,296
121,275
121,168
121,106
121,32
121,47
121,182
121,43
121,54
121,194
121,109
121,164
121,85
121,218
121,154
121,282
121,176
121,188
121,185
121,155
121,287
121,35
121,269
121,169
121,174
121,214
121,96
121,23
121,213
121,133
121,103
121,266
121,81
121,222
121,17
121,130
121,74
121,41
121,243
121,79
121,68
121,115
121,190
44,33
44,133
44,7
44,106
44,213
44,296
44,190
44,32
44,76
44,41
44,220
44,155
44,81
44,183
44,222
44,182
44,96
44,151
44,188
44,103
44,47
44,23
44,227
44,164
44,266
44,61
44,68
44,214
44,218
44,269
44,85
44,109
44,43
44,35
152,139
152,7
152,32
152,266
152,85
152,296
152,103
152,113
152,47
152,122
152,155
152,269
152,109
152,81
152,106
152,154
152,213
152,222
152,96
152,115
152,130
152,76
152,188
152,164
152,151
152,298
152,214
152,230
152,143
152,68
152,133
152,23
0,275
0,283
0,122
0,243
0,85
0,47
0,178
0,25
0,155
0,160
0,71
0,130
0,35
0,32
0,96
0,68
0,214
0,103
0,176
0,184
0,87
0,296
0,105
0,23
0,26
0,190
0,54
0,188
0,128
0,213
0,2
0,168
0,43
0,256
0,182
0,199
0,151
0,7
0,76
0,81
0,266
0,269
0,154
0,115
0,202
0,106
0,290
0,109
35,35
35,179
35,6
35,288
35,133
35,207
35,296
35,16
35,281
35,218
35,36
35,256
35,194
35,115
35,81
35,287
35,60
35,86
35,176
35,170
35,145
35,2
35,25
35,173
35,74
35,1
35,68
35,186
35,17
35,124
35,212
35,230
35,185
35,297
35,104
35,182
35,232
35,143
35,43
35,148
35,52
35,41
35,127
35,99
35,216
35,122
35,168
35,222
35,93
35,4
35,7
35,219
35,213
35,33
35,202
35,151
35,139
35,105
35,103
35,169
35,238
35,106
35,164
35,154
35,96
35,8
35,23
35,85
35,102
35,188
35,214
35,109
35,155
35,14
35,47
35,269
35,266
35,249
35,227
35,27
35,184
35,130
35,282
35,252
35,32
35,200
35,243
35,233
35,190
35,76
35,278
47,164
47,115
47,104
47,103
47,266
47,96
47,155
47,16
47,176
47,190
47,109
47,7
47,139
47,154
47,105
47,256
47,222
47,289
47,188
47,43
47,47
47,23
47,130
47,76
47,151
47,214
47,32
47,106
47,213
47,296
47,219
113,133
113,130
113,85
113,194
113,214
113,170
113,151
113,222
113,76
113,266
113,93
113,141
113,188
113,96
113,7
113,23
113,26
113,296
113,115
113,164
113,213
113,106
113,43
113,168
113,155
113,190
113,87
113,47
113,256
113,109
113,81
113,103
113,32
113,243
113,105
113,154
113,173
140,206
140,152
140,32
140,106
140,41
140,6
140,176
140,227
140,115
140,76
140,105
140,104
140,33
140,221
140,103
140,269
140,130
140,287
140,154
140,81
140,182
140,57
140,163
140,2
140,211
140,168
140,155
140,47
140,7
140,15
140,194
140,164
140,27
140,74
140,296
140,139
140,218
140,230
140,23
140,109
140,202
140,224
140,43
140,174
140,213
140,188
140,185
140,243
140,151
140,85
140,214
140,28
140,275
140,35
140,138
140,96
140,284
140,237
140,79
140,266
140,219
140,91
140,170
140,216
140,260
140,133
140,68
140,190
78,168
78,214
78,85
78,222
78,17
78,230
78,27
78,113
78,206
78,219
78,213
78,139
78,130
78,202
78,68
78,156
78,170
78,23
78,108
78,269
78,47
78,84
78,56
78,266
78,106
78,55
78,99
78,32
78,227
78,7
78,105
78,133
78,115
78,194
78,243
78,109
78,188
78,128
78,256
78,76
78,190
78,35
78,43
78,182
78,103
78,81
78,151
168,188
168,204
168,74
168,154
168,109
168,182
168,28
168,85
168,233
168,103
168,130
168,151
168,190
168,81
168,168
168,68
168,226
168,155
168,213
168,115
168,76
168,194
168,105
168,7
168,32
168,43
168,35
168,222
168,14
168,173
168,230
168,184
168,143
168,296
168,106
168,96
168,202
168,23
168,269
168,214
168,133
168,47
24,282
24,85
24,222
24,214
24,219
24,113
24,105
24,43
24,182
24,170
24,218
24,81
24,106
24,68
24,122
24,165
24,96
24,23
24,174
24,35
24,151
24,190
24,266
24,287
24,188
24,91
24,32
24,7
24,47
24,155
24,103
197,17
197,188
197,7
197,43
197,23
197,106
197,47
197,164
197,222
197,96
197,287
197,213
197,190
197,168
197,243
197,154
197,85
197,266
197,182
197,151
197,170
197,32
197,202
197,139
197,194
197,103
197,214
197,109
197,81
49,109
49,288
49,33
49,35
49,128
49,269
49,230
49,139
49,122
49,7
49,32
49,159
49,129
49,56
49,202
49,103
49,214
49,296
49,99
49,173
49,27
49,166
49,250
49,256
49,182
49,2
49,194
49,85
49,93
49,176
49,164
49,169
49,163
49,68
49,185
49,155
49,222
49,213
49,59
49,184
49,115
49,143
49,57
49,266
49,154
49,6
49,47
49,81
49,74
49,237
49,87
49,104
49,43
49,105
49,219
49,96
49,17
49,23
49,170
49,106
49,216
49,243
49,168
49,225
49,119
49,282
49,218
49,262
49,3
49,76
49,188
49,227
49,275
49,190
49,130
49,133
49,41
49,151
43,173
43,109
43,105
43,269
43,103
43,32
43,155
43,7
43,130
43,170
43,2
43,214
43,47
43,243
43,115
43,74
43,222
43,23
43,188
43,14
43,213
43,190
43,43
43,219
43,85
43,139
43,151
43,256
43,164
43,35
43,60
43,194
43,171
43,16
43,76
43,68
43,33
43,81
43,240
43,182
43,167
43,26
43,106
43,266
43,104
43,176
43,154
43,122
162,9
162,170
162,214
162,269
162,96
162,243
162,130
162,74
162,154
162,213
162,182
162,105
162,188
162,35
162,164
162,227
162,194
162,99
162,151
162,76
162,218
162,109
162,104
162,190
162,7
162,68
162,219
162,106
162,32
162,103
162,176
162,115
162,43
162,184
162,85
162,33
162,266
162,278
162,296
162,122
162,81
162,233
162,169
162,222
162,23
162,256
162,155
162,185
162,41
71,151
71,35
71,68
71,266
71,106
71,296
71,269
71,190
71,298
71,194
71,256
71,184
71,173
71,115
71,213
71,154
71,243
71,222
71,214
71,23
71,76
71,188
71,96
71,105
71,103
71,43
71,168
71,130
71,7
71,81
71,85
71,32
71,109
53,213
53,214
53,288
53,168
53,190
53,182
53,151
53,105
53,103
53,216
53,7
53,96
53,160
53,47
53,154
53,68
53,194
53,76
53,188
53,85
53,269
53,230
53,32
53,81
53,28
53,185
53,164
53,222
38,296
38,7
38,164
38,243
38,105
38,168
38,85
38,106
38,81
38,130
38,184
38,43
38,214
38,68
38,76
38,213
38,266
38,96
38,188
38,47
38,222
38,23
38,115
38,64
38,194
38,204
38,103
38,35
38,190
38,151
63,243
63,56
63,277
63,194
63,249
63,85
63,104
63,93
63,168
63,139
63,188
63,68
63,103
63,35
63,190
63,173
63,266
63,128
63,43
63,130
63,96
63,47
63,184
63,87
63,182
63,143
63,106
63,23
63,99
63,109
63,32
63,95
63,213
63,8
63,155
63,133
63,256
63,176
63,237
63,7
63,76
63,248
63,151
63,214
63,211
63,81
63,293
63,230
63,275
63,92
63,218
63,61
63,2
63,27
63,122
63,166
63,185
63,296
63,244
63,222
63,74
63,287
63,115
63,169
63,269
63,26
63,51
63,170
63,202
63,240
63,105
63,113
132,76
132,32
132,269
132,85
132,7
132,155
132,119
132,243
132,230
132,170
132,139
132,222
132,296
132,115
132,29
132,151
132,168
132,103
132,23
132,51
132,216
132,47
132,266
132,169
132,105
132,213
132,81
132,109
132,27
132,56
132,96
132,130
132,43
132,190
132,154
132,164
132,2
132,218
132,128
132,263
132,68
132,106
132,214
132,188
57,214
57,53
57,151
57,266
57,154
57,85
57,296
57,7
57,41
57,243
57,105
57,43
57,68
57,133
57,103
57,106
57,81
57,47
57,164
57,32
57,130
57,188
57,185
57,256
57,2
57,190
57,109
57,182
57,27
57,168
57,96
57,176
57,23
137,2
137,217
137,93
137,174
137,111
137,103
137,168
137,296
137,139
137,35
137,96
137,176
137,182
137,81
137,225
137,26
137,230
137,222
137,219
137,113
137,269
137,28
137,105
137,194
137,185
137,170
137,266
137,218
137,47
137,188
137,76
137,237
137,154
137,43
137,151
137,190
137,130
137,7
137,256
137,23
137,214
137,115
137,109
137,32
137,106
137,68
137,213
137,133
115,184
115,269
115,68
115,188
115,23
115,115
115,105
115,296
115,76
115,103
115,7
115,218
115,130
115,154
115,109
115,151
115,32
115,266
115,81
115,43
115,243
115,213
115,190
115,211
115,106
115,85
115,47
115,222
115,96
115,182
115,17
15,96
15,255
15,188
15,47
15,169
15,296
15,155
15,105
15,68
15,130
15,122
15,93
15,151
15,222
15,154
15,33
15,113
15,182
15,7
15,32
15,216
15,243
15,133
15,214
15,266
15,81
15,128
15,164
15,106
15,43
15,23
15,190
15,213
88,188
88,218
88,16
88,68
88,213
88,76
88,151
88,130
88,105
88,233
88,103
88,106
88,43
88,32
88,194
88,7
88,154
88,222
88,35
88,282
88,133
88,164
88,296
88,2
88,182
88,85
88,266
88,96
88,109
88,269
88,47
88,23
88,27
88,81
88,168
88,190
186,210
186,151
186,32
186,25
186,81
186,174
186,3
186,219
186,76
186,256
186,68
186,222
186,61
186,214
186,47
186,16
186,23
186,254
186,105
186,241
186,213
186,194
186,269
186,85
186,154
186,286
186,17
186,133
186,130
186,266
186,296
186,122
186,115
186,35
186,103
186,168
186,7
186,26
186,218
186,33
186,106
186,28
186,182
186,155
186,188
186,243
186,185
186,43
186,190
186,170
186,139
186,87
186,96
56,96
56,103
56,151
56,43
56,222
56,243
56,188
56,296
56,190
56,7
56,194
56,155
56,115
56,33
56,266
56,23
56,105
56,106
56,47
56,214
56,32
56,218
56,68
56,111
10,35
10,106
10,23
10,7
10,85
10,222
10,151
10,296
10,103
10,190
10,115
10,96
10,214
10,185
10,213
10,266
10,81
10,130
10,26
10,139
10,216
10,2
10,230
10,194
10,47
10,155
10,202
10,32
10,68
10,188
10,76
131,164
131,27
131,68
131,188
131,128
131,32
131,190
131,185
131,269
131,106
131,243
131,109
131,154
131,213
131,2
131,266
131,214
131,85
131,81
131,184
131,47
131,52
131,23
131,43
131,105
131,222
131,130
131,96
131,182
131,151
19,218
19,133
19,160
19,104
19,178
19,170
19,288
19,269
19,109
19,43
19,266
19,128
19,151
19,23
19,2
19,76
19,47
19,154
19,256
19,173
19,85
19,68
19,296
19,7
19,194
19,222
19,103
19,53
19,241
19,139
19,243
19,122
19,248
19,287
19,219
19,202
19,32
19,188
19,213
19,35
19,81
19,106
19,214
19,115
19,41
19,184
19,190
19,96
19,182
19,233
19,14
19,26
86,170
86,194
86,164
86,162
86,103
86,168
86,169
86,74
86,218
86,81
86,96
86,76
86,85
86,7
86,230
86,190
86,43
86,47
86,130
86,35
86,182
86,32
86,105
86,269
86,68
86,23
86,243
86,139
86,266
86,222
86,138
86,214
86,17
86,106
86,151
173,133
173,283
173,260
173,256
173,26
173,182
173,104
173,151
173,35
173,272
173,266
173,139
173,269
173,140
173,191
173,121
173,155
173,213
173,190
173,214
173,129
173,105
173,241
173,170
173,47
173,168
173,106
173,23
173,85
173,113
173,218
173,6
173,103
173,222
173,188
173,2
173,194
173,243
173,115
173,96
173,81
173,27
173,109
173,43
173,296
173,176
173,22
173,32
173,7
173,185
173,164
173,68
173,76
173,1
146,213
146,291
146,243
146,105
146,188
146,28
146,151
146,222
146,43
146,168
146,47
146,266
146,103
146,23
146,106
146,130
146,154
146,214
146,269
146,296
146,68
146,176
146,139
146,7
146,76
146,81
146,173
146,32
146,194
146,96
165,151
165,282
165,105
165,214
165,190
165,96
165,176
165,188
165,103
165,170
165,269
165,76
165,182
165,243
165,32
165,155
165,247
165,113
165,47
165,222
165,173
165,106
165,7
165,77
165,154
165,68
165,26
165,27
165,213
165,23
165,130
165,266
165,43
1,105
1,151
1,68
1,109
1,130
1,225
1,170
1,56
1,214
1,81
1,155
1,188
1,115
1,283
1,164
1,47
1,292
1,35
1,163
1,182
1,190
1,122
1,216
1,154
1,222
1,176
1,213
1,96
1,6
1,266
1,23
1,296
1,264
1,32
1,79
1,76
1,103
1,173
1,7
1,113
1,269
1,276
1,256
1,4
1,55
1,133
1,194
1,106
1,33
1,168
1,184
1,43
70,154
70,269
70,176
70,109
70,190
70,28
70,227
70,68
70,7
70,164
70,173
70,230
70,184
70,32
70,121
70,266
70,76
70,237
70,133
70,113
70,115
70,214
70,103
70,16
70,85
70,54
70,35
70,240
70,27
70,286
70,296
70,222
70,43
70,2
70,139
70,79
70,96
70,185
70,23
70,188
70,194
70,168
70,81
70,182
70,243
70,143
70,106
70,155
70,256
70,47
70,202
70,218
70,170
70,105
70,213
28,241
28,35
28,93
28,26
28,2
28,16
28,164
28,129
28,90
28,262
28,190
28,263
28,275
28,105
28,70
28,68
28,173
28,50
28,43
28,288
28,114
28,78
28,154
28,139
28,230
28,227
28,225
28,189
28,66
28,184
28,116
28,102
28,170
28,222
28,188
28,233
28,96
28,103
28,202
28,278
28,56
28,182
28,218
28,211
28,119
28,62
28,14
28,214
28,23
28,113
28,191
28,256
28,61
28,201
28,238
28,160
28,298
28,33
28,194
28,269
28,133
28,4
28,174
28,219
28,185
28,143
28,287
28,6
28,74
28,171
28,81
28,240
28,176
28,163
28,17
28,243
28,32
28,115
28,261
28,151
28,246
28,27
28,166
28,266
28,7
28,85
28,128
28,10
28,106
28,99
28,186
28,168
28,216
28,89
28,79
28,213
28,76
28,155
28,109
28,104
28,169
28,47
28,296
96,186
96,47
96,104
96,109
96,110
96,266
96,68
96,96
96,151
96,4
96,194
96,43
96,184
96,133
96,156
96,173
96,115
96,170
96,106
96,296
96,76
96,256
96,213
96,154
96,282
96,182
96,66
96,35
96,139
96,85
96,188
96,103
96,81
96,214
96,283
96,105
96,33
96,164
96,74
96,2
96,218
96,32
96,21
96,243
96,23
96,7
96,169
96,191
96,168
96,27
96,41
96,190
96,222
96,130
96,219
96,230
91,168
91,43
91,81
91,154
91,85
91,130
91,103
91,155
91,188
91,76
91,269
91,170
91,47
91,106
91,256
91,104
91,222
91,27
91,105
91,213
91,214
91,23
91,122
91,6
91,266
91,296
91,115
91,182
91,133
91,190
91,35
91,68
91,32
91,7
91,151
91,194
76,68
76,194
76,105
76,164
76,103
76,96
76,296
76,129
76,243
76,81
76,218
76,7
76,115
76,85
76,170
76,256
76,133
76,176
76,188
76,151
76,202
76,32
76,222
76,168
76,130
76,154
76,106
76,76
76,190
76,139
76,266
76,214
76,213
76,269
76,182
76,47
125,153
125,115
125,109
125,170
125,296
125,252
125,68
125,154
125,151
125,214
125,266
125,133
125,105
125,130
125,47
125,269
125,188
125,76
125,26
125,41
125,27
125,81
125,7
125,43
125,182
125,256
125,213
125,168
125,103
125,173
125,23
125,211
125,96
125,164
125,218
125,85
125,104
125,222
125,243
125,74
125,32
125,202
125,176
125,230
125,106
125,95
134,184
134,29
134,194
134,168
134,266
134,190
134,43
134,169
134,40
134,143
134,105
134,96
134,256
134,85
134,47
134,219
134,227
134,119
134,109
134,115
134,164
134,296
134,68
134,81
134,240
134,214
134,182
134,170
134,230
134,151
134,27
134,106
134,155
134,176
134,186
134,128
134,270
134,32
134,213
134,103
134,74
134,154
134,130
134,269
134,76
134,133
134,26
134,33
134,188
134,2
134,139
134,166
134,23
134,7
134,275
172,85
172,296
172,133
172,105
172,96
172,287
172,76
172,130
172,256
172,230
172,23
172,188
172,282
172,154
172,214
172,7
172,103
172,81
172,190
172,109
172,35
172,26
172,164
172,213
172,194
172,68
172,47
172,151
172,139
172,32
172,168
172,27
172,222
172,237
172,170
172,202
172,106
172,43
161,269
161,181
161,109
161,23
161,2
161,104
161,266
161,227
161,85
161,1
161,76
161,202
161,105
161,241
161,27
161,256
161,96
161,103
161,122
161,188
161,176
161,139
161,240
161,130
161,74
161,296
161,184
161,168
161,81
161,155
161,17
161,213
161,214
161,190
161,194
161,182
161,243
161,47
161,151
161,164
161,35
161,106
161,133
161,7
161,32
161,222
161,199
161,115
161,43
161,68
161,154
161,170
160,296
160,35
160,163
160,256
160,194
160,243
160,151
160,216
160,213
160,170
160,43
160,230
160,155
160,154
160,96
160,122
160,81
160,269
160,14
160,219
160,130
160,222
160,133
160,188
160,266
160,147
160,282
160,164
160,7
160,278
160,288
160,41
160,168
160,47
160,103
160,105
160,109
160,190
160,76
160,23
160,106
160,182
160,184
160,33
160,115
160,113
160,85
160,32
160,139
82,7
82,96
82,168
82,214
82,240
82,266
82,164
82,213
82,154
82,103
82,76
82,163
82,128
82,190
82,35
82,188
82,176
82,225
82,74
82,23
82,109
82,81
82,32
82,25
82,85
82,170
82,151
82,68
82,222
82,47
82,133
82,296
82,130
176,54
176,96
176,202
176,213
176,109
176,103
176,133
176,76
176,164
176,139
176,168
176,23
176,178
176,175
176,182
176,218
176,43
176,243
176,176
176,32
176,130
176,266
176,269
176,204
176,256
176,197
176,27
176,154
176,194
176,105
176,115
176,185
176,240
176,216
176,16
176,288
176,7
176,232
176,238
176,151
176,143
176,222
176,2
176,35
176,140
176,68
176,190
176,214
176,81
176,219
176,169
176,47
176,188
176,106
176,296
176,59
176,122
176,155
6,152
6,47
6,145
6,66
6,249
6,260
6,222
6,280
6,103
6,16
6,240
6,201
6,283
6,292
6,102
6,288
6,192
6,155
6,33
6,154
6,96
6,130
6,161
6,79
6,242
6,194
6,3
6,133
6,256
6,35
6,109
6,243
6,213
6,227
6,110
6,140
6,28
6,6
6,279
6,210
6,185
6,17
6,230
6,29
6,266
6,91
6,206
6,216
6,172
6,177
6,99
6,114
6,111
6,86
6,257
6,156
6,224
6,94
6,197
6,282
6,119
6,143
6,19
6,299
6,124
6,127
6,76
6,48
6,252
6,123
6,85
6,268
6,4
6,166
6,25
6,10
6,164
6,1
6,88
6,262
6,204
6,225
6,104
6,284
6,0
6,169
6,173
6,113
6,43
6,170
6,125
6,9
6,14
6,191
6,57
6,269
6,81
6,163
6,241
6,13
6,52
6,174
6,248
6,41
6,50
6,129
6,182
6,187
6,274
6,116
6,211
6,87
6,128
6,56
6,147
6,64
6,95
6,139
6,202
6,196
6,15
6,151
6,138
6,32
6,82
6,296
6,90
6,168
6,218
6,69
6,27
6,219
6,60
6,188
6,106
6,65
6,287
6,150
6,2
6,190
6,180
6,98
6,122
6,261
6,267
6,44
6,74
6,183
6,67
6,226
6,176
6,23
6,238
6,80
6,93
6,7
6,26
6,68
6,70
6,54
6,275
6,193
6,228
6,8
6,277
6,293
6,233
6,105
6,115
6,118
6,61
6,184
6,297
6,291
6,186
194,76
194,213
194,154
194,115
194,130
194,227
194,43
194,119
194,268
194,151
194,47
194,106
194,190
194,219
194,164
194,296
194,188
194,202
194,155
194,222
194,214
194,176
194,7
194,68
194,103
194,23
194,184
194,32
194,269
194,168
194,96
153,164
153,186
153,155
153,81
153,243
153,222
153,256
153,219
153,168
153,170
153,182
153,213
153,296
153,191
153,35
153,27
153,275
153,54
153,202
153,47
153,214
153,188
153,119
153,139
153,6
153,174
153,103
153,227
153,68
153,225
153,216
153,154
153,130
153,115
153,176
153,4
153,166
153,105
153,133
153,23
153,85
153,197
153,173
153,194
153,2
153,96
153,7
153,184
153,106
153,109
153,76
153,230
153,266
153,190
153,151
153,43
153,32
153,269
153,3
153,218
4,130
4,155
4,214
4,32
4,186
4,133
4,14
4,43
4,154
4,105
4,76
4,188
4,151
4,202
4,190
4,7
4,47
4,266
4,23
4,106
4,168
4,173
4,96
4,213
4,81
4,103
4,256
4,68
4,269
81,191
81,43
81,164
81,115
81,81
81,214
81,130
81,95
81,32
81,104
81,103
81,133
81,218
81,296
81,85
81,106
81,140
81,222
81,96
81,2
81,168
81,109
81,47
81,68
81,213
81,76
81,188
81,105
81,266
81,23
81,269
81,182
81,233
81,190
81,151
179,27
179,47
179,23
179,243
179,269
179,96
179,164
179,105
179,214
179,32
179,176
179,106
179,168
179,133
179,43
179,103
179,76
179,115
179,213
179,109
179,81
179,7
179,68
179,182
179,266
179,130
179,194
179,296
179,230
179,256
179,188
179,222
110,79
110,7
110,241
110,32
110,2
110,33
110,160
110,27
110,213
110,103
110,43
110,164
110,219
110,129
110,109
110,74
110,85
110,218
110,81
110,119
110,176
110,35
110,57
110,47
110,154
110,173
110,169
110,266
110,111
110,170
110,166
110,133
110,23
110,194
110,68
110,256
110,105
110,235
110,214
110,26
110,96
110,263
110,130
110,243
110,4
110,269
110,292
110,3
110,104
110,230
110,155
110,222
110,206
110,118
110,106
110,151
110,17
110,216
110,296
110,190
110,115
110,184
110,188
110,76
110,116
110,168
110,139
110,122
144,222
144,188
144,23
144,133
144,216
144,214
144,256
144,7
144,269
144,115
144,194
144,56
144,43
144,68
144,151
144,81
144,47
144,76
144,213
144,85
144,96
144,106
144,109
144,32
144,105
144,35
144,206
144,296
144,154
144,103
144,266
144,143
144,182
144,104
144,225
7,200
7,109
7,130
7,23
7,190
7,122
7,216
7,222
7,3
7,202
7,133
7,268
7,27
7,79
7,103
7,57
7,194
7,33
7,115
7,154
7,4
7,129
7,227
7,128
7,113
7,139
7,199
7,81
7,168
7,104
7,35
7,88
7,174
7,143
7,269
7,256
7,184
7,87
7,164
7,56
7,255
7,218
7,214
7,155
7,108
7,85
7,53
7,197
7,76
7,41
7,287
7,74
7,29
7,68
7,125
7,14
7,219
7,243
7,43
7,72
7,32
7,236
7,170
7,17
7,124
7,151
7,48
7,240
7,148
7,26
7,93
7,105
7,206
7,47
7,186
7,213
7,182
7,188
7,230
7,96
7,67
7,6
7,94
7,266
7,169
7,277
7,296
7,106
7,2
7,176
133,151
133,23
133,106
133,105
133,113
133,266
133,76
133,188
133,276
133,130
133,211
133,190
133,154
133,109
133,269
133,256
133,170
133,296
133,176
133,68
133,222
133,85
133,186
133,41
133,47
133,96
133,7
133,133
133,103
133,32
133,185
133,43
133,214
133,164
133,278
155,230
155,169
155,219
155,47
155,68
155,23
155,269
155,106
155,43
155,27
155,176
155,213
155,218
155,288
155,133
155,252
155,85
155,66
155,113
155,7
155,76
155,168
155,278
155,194
155,32
155,256
155,109
155,296
155,243
155,118
155,81
155,164
155,154
155,96
155,105
155,182
155,104
155,188
155,222
155,130
155,214
155,155
155,151
155,103
155,232
155,14
155,74
155,35
155,190
190,32
190,266
190,81
190,105
190,213
190,33
190,168
190,154
190,182
190,76
190,188
190,27
190,218
190,103
190,85
190,93
190,35
190,214
190,2
190,7
190,170
190,292
190,128
190,269
190,106
190,96
190,43
190,23
190,194
190,256
190,222
190,151
190,190
190,115
190,104
190,47
190,133
54,43
54,76
54,27
54,8
54,109
54,7
54,243
54,139
54,23
54,288
54,269
54,266
54,105
54,256
54,47
54,194
54,230
54,170
54,68
54,190
54,222
54,296
54,155
54,106
54,154
54,151
54,2
54,103
54,32
54,214
54,245
54,233
54,188
143,173
143,214
143,188
143,213
143,103
143,222
143,139
143,27
143,115
143,47
143,164
143,176
143,76
143,130
143,296
143,109
143,288
143,182
143,96
143,194
143,68
143,106
143,266
143,81
143,191
143,151
143,269
143,147
143,190
143,35
143,33
143,85
143,7
143,23
143,243
143,186
143,105
143,248
143,240
169,81
169,222
169,154
169,151
169,68
169,230
169,32
169,296
169,87
169,213
169,214
169,182
169,106
169,103
169,35
169,218
169,76
169,266
169,133
169,23
169,170
169,168
169,115
169,85
169,99
169,43
169,269
169,53
169,206
169,188
169,47
169,7
193,41
193,161
193,113
193,256
193,23
193,32
193,185
193,233
193,154
193,78
193,239
193,266
193,90
193,92
193,115
193,287
193,105
193,184
193,104
193,174
193,194
193,96
193,81
193,132
193,133
193,193
193,27
193,169
193,57
193,30
193,143
193,95
193,182
193,204
193,106
193,53
193,7
193,91
193,127
193,230
193,62
193,176
193,14
193,122
193,73
193,119
193,35
193,2
193,168
193,47
193,173
193,17
193,147
193,140
193,202
193,296
193,214
193,247
193,222
193,6
193,188
193,219
193,85
193,74
193,155
193,186
193,102
193,128
193,76
193,206
193,109
193,131
193,68
193,190
193,103
193,275
193,130
193,191
193,43
193,218
193,297
193,243
193,139
193,164
193,151
193,33
193,288
193,240
193,99
193,269
193,170
193,216
185,155
185,256
185,122
185,43
185,119
185,184
185,216
185,296
185,190
185,222
185,151
185,214
185,1
185,41
185,17
185,230
185,182
185,176
185,188
185,252
185,262
185,139
185,23
185,161
185,105
185,68
185,130
185,154
185,266
185,156
185,217
185,14
185,16
185,96
185,7
185,85
185,169
185,269
185,103
185,191
185,168
185,81
185,115
185,35
185,243
185,57
185,213
185,47
185,106
185,282
185,133
185,113
185,202
185,104
185,32
185,2
185,219
185,74
185,109
185,223
185,218
185,164
185,194
185,185
185,118
185,186
20,85
20,176
20,7
20,81
20,133
20,155
20,199
20,2
20,23
20,59
20,25
20,154
20,80
20,288
20,105
20,164
20,103
20,202
20,139
20,243
20,14
20,16
20,35
20,102
20,104
20,27
20,296
20,41
20,188
20,106
20,32
20,190
20,185
20,230
20,184
20,122
20,31
20,47
20,269
20,213
20,109
20,115
20,96
20,191
20,90
20,130
20,79
20,43
20,116
20,170
20,174
20,76
20,4
20,218
20,214
20,222
20,182
20,168
20,256
20,68
20,282
20,266
20,151
27,106
27,213
27,227
27,35
27,17
27,85
27,190
27,160
27,130
27,23
27,81
27,27
27,218
27,168
27,164
27,266
27,16
27,43
27,103
27,133
27,32
27,76
27,230
27,2
27,256
27,222
27,151
27,188
27,269
27,105
27,241
27,74
27,278
27,109
27,182
27,139
27,194
27,68
27,7
27,96
27,214
178,23
178,140
178,85
178,256
178,47
178,109
178,96
178,227
178,213
178,81
178,103
178,16
178,106
178,182
178,76
178,7
178,130
178,266
178,68
178,154
178,222
178,296
178,188
178,115
178,214
178,194
178,190
178,243
178,32
178,151
80,185
80,85
80,7
80,213
80,103
80,139
80,202
80,214
80,105
80,106
80,16
80,32
80,74
80,43
80,269
80,266
80,182
80,168
80,68
80,81
80,76
80,96
80,222
80,2
80,47
80,154
80,243
80,190
80,188
80,151
80,164
159,154
159,222
159,122
159,2
159,174
159,269
159,168
159,106
159,139
159,85
159,183
159,237
159,74
159,182
159,81
159,14
159,266
159,243
159,115
159,190
159,23
159,103
159,280
159,96
159,296
159,197
159,256
159,68
159,32
159,43
159,47
159,7
159,214
159,184
159,133
159,188
159,213
159,130
159,56
195,35
195,115
195,96
195,222
195,106
195,163
195,103
195,194
195,213
195,16
195,17
195,43
195,133
195,243
195,154
195,256
195,47
195,227
195,241
195,269
195,23
195,190
195,81
195,182
195,85
195,68
195,109
195,76
195,7
195,266
195,130
195,164
195,151
195,296
195,214
195,32
195,122
195,155
22,243
22,27
22,23
22,68
22,163
22,54
22,211
22,184
22,262
22,174
22,96
22,99
22,112
22,161
22,159
22,254
22,154
22,182
22,104
22,155
22,191
22,194
22,164
22,109
22,122
22,115
22,214
22,227
22,74
22,47
22,296
22,40
22,213
22,202
22,190
22,130
22,129
22,230
22,170
22,256
22,168
22,222
22,85
22,16
22,32
22,105
22,188
22,106
22,240
22,173
22,2
22,169
22,93
22,103
22,151
22,7
22,43
22,219
22,76
22,218
22,133
22,81
22,17
22,269
22,282
22,266
22,251
22,35
22,176
22,287
98,105
98,81
98,96
98,109
98,7
98,240
98,76
98,170
98,106
98,190
98,296
98,182
98,214
98,35
98,188
98,232
98,168
98,130
98,202
98,122
98,266
98,219
98,23
98,269
98,32
98,43
98,164
98,47
98,185
98,74
65,256
65,296
65,243
65,266
65,168
65,139
65,213
65,105
65,103
65,190
65,47
65,219
65,68
65,76
65,173
65,214
65,182
65,269
65,106
65,194
65,96
65,43
65,85
65,275
65,109
65,122
65,32
65,218
65,81
65,7
65,63
65,151
65,222
65,287
65,188
198,47
198,23
198,76
198,287
198,168
198,164
198,96
198,151
198,194
198,155
198,213
198,154
198,296
198,130
198,256
198,103
198,2
198,286
198,214
198,243
198,27
198,216
198,68
198,105
198,93
198,80
198,32
198,222
198,188
198,190
198,7
198,106
66,8
66,81
66,103
66,139
66,269
66,173
66,105
66,168
66,106
66,213
66,85
66,47
66,23
66,222
66,43
66,230
66,68
66,216
66,96
66,115
66,151
66,268
66,133
66,155
66,32
66,184
66,241
66,7
66,214
66,283
66,76
66,2
66,188
66,202
66,182
66,256
66,190
66,266
66,90
129,155
129,47
129,246
129,243
129,202
129,105
129,103
129,256
129,214
129,17
129,151
129,227
129,213
129,35
129,182
129,154
129,43
129,170
129,7
129,176
129,269
129,81
129,23
129,106
129,133
129,188
129,222
129,96
129,130
129,115
129,266
129,85
129,190
129,144
129,32
51,194
51,184
51,6
51,76
51,222
51,109
51,196
51,7
51,27
51,260
51,115
51,41
51,130
51,43
51,243
51,47
51,164
51,105
51,230
51,214
51,188
51,81
51,122
51,17
51,154
51,32
51,96
51,23
51,151
51,168
51,266
51,103
51,296
51,213
51,182
51,85
51,106
51,197
51,269
51,169
51,64
51,2
51,240
51,35
51,256
51,190
51,104
51,160
51,68
170,185
170,85
170,2
170,292
170,105
170,35
170,115
170,218
170,266
170,240
170,168
170,119
170,43
170,130
170,182
170,106
170,192
170,122
170,213
170,184
170,32
170,17
170,23
170,99
170,133
170,190
170,269
170,76
170,7
170,96
170,256
170,188
170,103
170,170
170,68
170,154
170,278
170,151
170,222
170,296
170,71
170,219
170,243
170,47
170,214
170,81
170,138
170,176
170,194
74,216
74,269
74,7
74,105
74,2
74,243
74,155
74,176
74,266
74,227
74,219
74,43
74,202
74,133
74,188
74,32
74,113
74,218
74,23
74,214
74,76
74,190
74,109
74,96
74,68
74,222
74,213
74,169
74,106
74,256
74,12
74,151
74,66
74,296
74,85
74,194
74,130
74,81
74,115
74,119
74,103
74,47
74,168
74,182
18,164
18,32
18,27
18,168
18,96
18,7
18,115
18,28
18,213
18,122
18,151
18,35
18,232
18,85
18,68
18,103
18,154
18,206
18,269
18,185
18,155
18,194
18,47
18,105
18,43
18,106
18,113
18,222
18,130
18,296
18,190
18,188
18,266
18,227
18,133
18,81
18,218
18,23
18,182
18,243
18,76
18,74
18,214
106,27
106,130
106,186
106,222
106,7
106,216
106,151
106,170
106,194
106,2
106,218
106,96
106,266
106,81
106,33
106,233
106,182
106,168
106,133
106,227
106,47
106,258
106,288
106,119
106,74
106,43
106,176
106,23
106,105
106,219
106,68
106,213
106,164
106,287
106,188
106,76
106,282
106,296
106,103
106,32
106,243
106,115
106,85
106,256
106,35
106,106
106,92
106,190
106,169
106,269
106,54
106,109
106,214
139,275
139,151
139,96
139,184
139,76
139,43
139,168
139,81
139,68
139,23
139,103
139,296
139,133
139,85
139,190
139,47
139,27
139,106
139,130
139,243
139,155
139,230
139,269
139,222
139,109
139,32
139,160
139,105
139,213
139,7
147,47
147,85
147,106
147,68
147,296
147,188
147,164
147,4
147,130
147,266
147,151
147,81
147,43
147,213
147,105
147,176
147,23
147,190
147,214
147,16
147,103
147,32
147,96
147,76
147,41
5,106
5,81
5,230
5,296
5,103
5,27
5,222
5,184
5,190
5,32
5,151
5,109
5,176
5,40
5,256
5,266
5,23
5,269
5,96
5,17
5,218
5,68
5,168
5,182
5,74
5,213
5,133
5,47
5,76
5,14
5,164
5,214
5,7
8,168
8,115
8,213
8,7
8,218
8,190
8,74
8,176
8,283
8,206
8,105
8,47
8,113
8,106
8,191
8,243
8,277
8,233
8,27
8,269
8,164
8,32
8,103
8,43
8,96
8,2
8,81
8,266
8,256
8,68
8,296
8,214
8,133
8,222
8,23
8,188
8,130
8,85
8,109
8,151
8,194
8,166
145,154
145,186
145,155
145,206
145,26
145,103
145,176
145,185
145,105
145,160
145,47
145,222
145,164
145,256
145,81
145,7
145,130
145,168
145,218
145,28
145,78
145,17
145,249
145,188
145,106
145,109
145,194
145,35
145,266
145,262
145,202
145,133
145,296
145,243
145,213
145,104
145,230
145,76
145,96
145,190
145,68
145,151
145,182
145,74
145,27
145,85
145,23
145,43
145,184
145,214
145,269
145,170
145,282
145,173
60,155
60,109
60,103
60,222
60,81
60,190
60,76
60,32
60,23
60,296
60,133
60,68
60,243
60,87
60,214
60,213
60,182
60,106
60,266
60,151
60,48
60,47
60,96
60,40
60,105
60,7
122,243
122,96
122,106
122,32
122,76
122,124
122,43
122,222
122,7
122,47
122,103
122,77
122,190
122,182
122,214
122,213
122,296
122,68
122,194
122,151
122,176
122,130
122,105
122,188
122,23
122,109
122,162
122,218
188,2
188,113
188,104
188,85
188,16
188,230
188,27
188,122
188,188
188,243
188,133
188,214
188,177
188,288
188,160
188,170
188,7
188,76
188,155
188,213
188,182
188,173
188,28
188,96
188,105
188,184
188,194
188,130
188,93
188,227
188,81
188,169
188,26
188,257
188,222
188,202
188,115
188,296
188,35
188,47
188,40
188,23
188,164
188,32
188,106
188,128
188,103
188,109
188,269
188,266
188,68
188,43
188,151
188,154
188,256
30,85
30,79
30,190
30,81
30,47
30,103
30,7
30,151
30,213
30,96
30,214
30,109
30,23
30,68
30,32
30,266
30,130
30,188
30,106
30,222
30,43
30,76
30,296
30,105
30,99
30,243
30,133
30,168
30,164
105,96
105,43
105,296
105,182
105,35
105,170
105,188
105,269
105,103
105,168
105,26
105,23
105,154
105,81
105,256
105,105
105,190
105,7
105,185
105,194
105,47
105,266
105,99
105,222
105,32
105,68
105,122
105,214
105,106
105,56
105,76
105,85
105,176
105,2
105,151
105,164
105,169
103,108
103,68
103,113
103,85
103,7
103,81
103,76
103,23
103,188
103,31
103,133
103,247
103,96
103,115
103,238
103,249
103,43
103,154
103,35
103,130
103,243
103,296
103,109
103,185
103,106
103,74
103,151
103,240
103,222
103,79
103,105
103,119
103,27
103,256
103,216
103,47
103,269
103,194
103,103
103,232
103,26
103,32
103,155
103,186
103,168
103,139
103,190
103,214
103,213
103,122
103,164
103,2
103,266
119,266
119,269
119,214
119,23
119,104
119,188
119,190
119,16
119,222
119,268
119,7
119,96
119,103
119,194
119,17
119,296
119,85
119,151
119,81
119,133
119,47
119,109
119,32
151,235
151,81
151,256
151,190
151,151
151,296
151,103
151,168
151,32
151,266
151,68
151,76
151,106
151,56
151,115
151,182
151,109
151,105
151,188
151,133
151,47
151,218
151,35
151,222
151,164
151,43
151,85
151,130
151,23
151,122
151,7
151,213
151,155
151,154
151,96
112,296
112,190
112,109
112,105
112,269
112,79
112,230
112,184
112,133
112,68
112,23
112,154
112,188
112,7
112,130
112,164
112,32
112,182
112,151
112,214
112,266
112,81
112,218
112,106
112,175
112,103
112,222
112,76
112,278
112,47
112,2
120,81
120,32
120,269
120,68
120,219
120,96
120,168
120,243
120,106
120,47
120,214
120,103
120,41
120,115
120,296
120,151
120,213
120,230
120,33
120,76
120,164
120,109
120,222
120,17
120,182
120,7
120,23
120,190
120,266
120,133
120,188
166,103
166,214
166,109
166,99
166,256
166,7
166,27
166,76
166,130
166,43
166,32
166,106
166,23
166,96
166,184
166,143
166,164
166,68
166,47
166,85
166,269
166,296
166,174
166,1
166,194
166,170
166,190
166,213
166,2
166,188
166,222
166,81
166,133
166,219
166,151
166,113
166,105
29,81
29,125
29,76
29,269
29,106
29,243
29,99
29,68
29,14
29,115
29,170
29,85
29,32
29,47
29,7
29,23
29,154
29,27
29,296
29,105
29,139
29,130
29,213
29,151
29,214
29,155
29,169
29,222
29,133
29,190
29,256
29,275
29,96
29,184
29,79
29,103
29,282
29,128
29,43
29,266
158,103
158,43
158,168
158,222
158,109
158,96
158,206
158,35
158,269
158,154
158,76
158,32
158,104
158,68
158,7
158,139
158,182
158,47
158,188
158,214
158,266
158,133
158,99
158,105
158,23
158,106
158,161
158,26
158,296
158,81
158,194
158,260
158,190
158,151
136,130
136,74
136,85
136,106
136,43
136,190
136,96
136,164
136,184
136,213
136,115
136,269
136,68
136,76
136,151
136,222
136,109
136,103
136,47
136,7
136,214
136,168
136,32
136,250
136,296
136,154
136,266
136,230
136,133
136,188
136,176
136,81
75,103
75,7
75,296
75,269
75,68
75,130
75,176
75,96
75,43
75,115
75,213
75,214
75,219
75,164
75,85
75,105
75,266
75,109
75,151
75,76
75,155
75,17
75,133
75,188
75,194
75,202
75,81
75,243
75,168
75,122
75,106
75,154
75,182
75,47
75,32
75,190
97,116
97,216
97,269
97,103
97,76
97,106
97,168
97,151
97,2
97,96
97,43
97,109
97,47
97,17
97,170
97,233
97,23
97,81
97,68
97,190
97,222
97,256
97,185
97,35
97,130
97,214
97,182
97,275
97,266
97,32
97,176
97,296
97,7
97,155
97,213
97,191
101,81
101,266
101,213
101,275
101,133
101,115
101,191
101,32
101,269
101,76
101,68
101,103
101,168
101,43
101,33
101,151
101,169
101,170
101,23
101,2
101,189
101,96
101,130
101,7
101,47
101,16
101,216
101,214
101,116
101,188
101,190
101,106
101,256
31,218
31,47
31,266
31,35
31,188
31,106
31,151
31,81
31,262
31,190
31,213
31,185
31,296
31,23
31,214
31,168
31,109
31,139
31,96
31,76
31,230
31,103
31,85
31,130
31,7
31,249
31,68
31,43
87,85
87,155
87,218
87,27
87,266
87,32
87,269
87,268
87,296
87,81
87,106
87,151
87,76
87,128
87,288
87,243
87,7
87,2
87,214
87,169
87,74
87,47
87,68
87,188
87,222
87,103
87,133
87,139
87,23
87,194
87,168
87,43
87,190
87,256
87,96
87,105
87,164
83,139
83,96
83,214
83,133
83,76
83,170
83,194
83,43
83,103
83,287
83,23
83,2
83,219
83,190
83,176
83,35
83,47
83,68
83,256
83,154
83,109
83,296
83,106
83,188
83,151
83,115
83,32
83,222
83,7
83,213
83,81
